Workbook
Name AlertDays: Settings!$B$3
Name CBURegion: [1]Data!#REF!
Name Classification: [1]Data!#REF!
Name MonthCrit: Settings!$B$6
Name Owner: [1]Data!#REF!
Name PeriodSel: Settings!$B$8
Name Region: [1]Data!#REF!
Name ReportMonth: Settings!$B$4
Name ReportMonthName: Settings!$B$5
Name Sector: Settings!$B$2
Name SelGate: #REF!
Name SelMonth: #REF!
Name SelRegion: #REF!
Name SelYear: #REF!
Name Status: [1]Data!#REF!
Name Type: [1]Data!#REF!

Sheet Projects 
A1: بوابة 8 التسليم و الاغلاق | B1: بوابة 7 الاختبارات التشغيلية | C1: بوابة 6 التنفيذ | D1: بوابة 5 الطرح للتنفيذ | E1: بوابة 4 التصميم | F1: بوابة 3 الطرح للتصميم | G1: بوابة 2 التخطيط الاولي | H1: بوابة 1 تخطيط استراتيجي | I1: Simplified or Full SGR بسيطة او كاملة | J1: D&B vs DBB | K1: سبب المسار الجزئي | L1: مسار بوابة المراحل | M1: السبب للاستبعاد | N1: Updated SN | O1: اسم المشروع | P1: القطاع | Q1: المنطقة | R1: التكلفة شاملة الضريبة | S1: تصنيف حزم الطرح | T1: دراسة الجدوى | U1: مستندات الطرح | V1: حالة الطرح | W1: تفاصيل توقيع العقد والارتباط المالي | X1: وضع المشروع | Y1: تاريخ بوابة 6 المخطط | Z1: تاريخ بوابة 7 المخطط | AA1: تاريخ بوابة 8 المخطط
I2: =IF(R2>25000000,"Full","Simplified") -> Full | N2: AP51 | O2: عقد استكمال تنفيذ خطوط المياه والشبكات بمحافظة الافلاج (المرحلة الثانية) | P2: الأوسط | Q2: الرياض | R2: 57241417 | S2: الحزمة الأولى | T2: تم الإعتماد | U2: تم الإعتماد | V2: فحص العروض والترسية
I3: =IF(R3>25000000,"Full","Simplified") -> Full | J3: DBB | N3: AP48-8 | O3: عقد تنفيذ خزان او بحيرة تجميع لمياه الصرف الصحي الخام بمحطات معالجة الخرج بالقطاع الأوسط | P3: الأوسط | Q3: الرياض | R3: 32000000 | S3: الحزمة الأولى | T3: تم الإعتماد | U3: تم الإعتماد | V3: معتمد دراسة جدوى وRFP ولم يطرح (في انتظار موافقة كفاءة الانفاق)
I4: =IF(R4>25000000,"Full","Simplified") -> Simplified | N4: P1605-1 | O4: عقد تنفيذ شبكات مياه متفرقة بمحافظة الخرج منطقة الرياض | P4: الأوسط | Q4: الرياض | R4: 13436140 | S4: الحزمة الأولى | T4: تم الإعتماد | U4: تم الإعتماد | V4: منجز
I5: =IF(R5>25000000,"Full","Simplified") -> Full | N5: P1463-6 | O5: استبدال الخطوط الناقلة محافظة الدرعية وحريملاء | P5: الأوسط | Q5: الرياض | R5: 41067058 | S5: الحزمة الأولى | T5: تم الإعتماد | U5: تم الإعتماد | V5: تعزيز التكاليف
I6: =IF(R6>25000000,"Full","Simplified") -> Full | N6: P1744 | O6: برنامج تنفيذ محطة معالجة وخطوط وشبكات الصرف الصحي بمحافظة الدلم (المرحلة الأولى) | P6: الأوسط | Q6: الرياض | R6: 279450000 | S6: الحزمة الأولى | T6: تم الإعتماد | U6: تم الإعتماد | V6: معتمد دراسة جدوى وRFP ولم يطرح (في انتظار موافقة كفاءة الانفاق)
I7: =IF(R7>25000000,"Full","Simplified") -> Full | N7: AP40 | O7: عقد استكمال مشاريع المياه بمحافظة الدلم (المرحلة الأولى) | P7: الأوسط | Q7: الرياض | R7: 80500000 | S7: الحزمة الأولى | T7: تم الإعتماد | U7: تم الإعتماد | V7: التحليل الفني
I8: =IF(R8>25000000,"Full","Simplified") -> Full | N8: P1595-1 | O8: عقد تنفيذ عدد 2 محطة مياه مدمجة بسعة إجمالية 10,000م3/يوم بموقع اعمال محطة تنقية القرنة بمحافظة الدوادمي | P8: الأوسط | Q8: الرياض | R8: 25185000 | S8: الحزمة الأولى | T8: تم الإعتماد | U8: تم الإعتماد | V8: منجز
I9: =IF(R9>25000000,"Full","Simplified") -> Full | N9: AP1177 | O9: عقد تنفيذ توسعة محطة المعالجة بمحافظة الدوادمي المرحلة الثانية | P9: الأوسط | Q9: الرياض | R9: 75900000 | S9: الحزمة الأولى | T9: تم الإعتماد | U9: تم الإعتماد | V9: التحليل الفني
I10: =IF(R10>25000000,"Full","Simplified") -> Full | N10: P1813 | O10: عقد استكمال مشاريع المياه بمراكز نفي والجمش بمحافظة الدوادمي | P10: الأوسط | Q10: الرياض | R10: 119140000 | S10: الحزمة الأولى | T10: تم الإعتماد | U10: تم الإعتماد | V10: تعزيز التكاليف
I11: =IF(R11>25000000,"Full","Simplified") -> Full | N11: P1624 | O11: عقد تنفيذ خطوط صرف صحى رئيسية بشمال الرياض لأحياء العارض والقيروان - عقد رقم (4) | P11: الأوسط | Q11: الرياض | R11: 33805867 | S11: الحزمة الأولى | T11: تم الإعتماد | U11: تم الإعتماد | V11: منجز
I12: =IF(R12>25000000,"Full","Simplified") -> Full | N12: P1627 | O12: عقد تنفيذ شبكات صرف صحى بأجزاء من حى ظهرة لبن - عقد رقم (6) | P12: الأوسط | Q12: الرياض | R12: 30932102 | S12: الحزمة الأولى | T12: تم الإعتماد | U12: تم الإعتماد | V12: منجز
I13: =IF(R13>25000000,"Full","Simplified") -> Simplified | N13: P1632-2 | O13: عقد تنفيذ خطوط صرف صحى متفرقة بمدينة الرياض - عقد رقم (26) المرحلة الثانية | P13: الأوسط | Q13: الرياض | R13: 10215704 | S13: الحزمة الأولى | T13: تم الإعتماد | U13: تم الإعتماد | V13: منجز
I14: =IF(R14>25000000,"Full","Simplified") -> Full | N14: P1635 | O14: مشروع تنفيذ الخطوط الرئيسية ومحطة الرفع وشبكات الصرف الصحي بحي النرجس | P14: الأوسط | Q14: الرياض | R14: 4.5901941e+08 | S14: الحزمة الأولى | T14: تم الإعتماد | U14: تم الإعتماد | V14: منجز
I15: =IF(R15>25000000,"Full","Simplified") -> Full | N15: P1697 | O15: عقد تنفيذ المرحلة الثالثة من خط الصرف الصحي الرئيسي (LO) | P15: الأوسط | Q15: الرياض | R15: 45770144 | S15: الحزمة الأولى | T15: تم الإعتماد | U15: تم الإعتماد | V15: منجز
... I198: =IF(R198>25000000,"Full","Simplified") -> Full | N198: P563 | O198: مشروع انشاء شبكات مياه في محافظات وقرى منطقة حائل عقد رقم 5 | P198: الشمالي | Q198: حائل | R198: 66716360 | S198: الحزمة الأولى | T198: تم الإعتماد | U198: تم الإعتماد | V198: تعزيز التكاليف
D199: جاري | E199: مكتمل | F199: لا ينطبق | G199: مكتمل | H199: مكتمل | I199: =IF(R199>25000000,"Full","Simplified") -> Full | J199: DBB | K199: توجد اتفاقية أعمال التصميم مبرمة على مستوى القطاع (Cluster). لم يتم طرح لأعمال التصميم (No bid for design) | L199: صورة جزئية | N199: P858-1 | O199: تنفيذ شبكات الصرف الصحي في وسط الحناكية | P199: الشمالي الغربي | Q199: المدينة المنورة | R199: 88550000 | S199: الحزمة الأولى | T199: تم الإعتماد | U199: تم الإعتماد | V199: تعزيز التكاليف | AK199: مكتمل
D200: جاري | E200: مكتمل | F200: لا ينطبق | G200: مكتمل | H200: مكتمل | I200: =IF(R200>25000000,"Full","Simplified") -> Full | J200: DBB | K200: توجد اتفاقية أعمال التصميم مبرمة على مستوى القطاع (Cluster). لم يتم طرح لأعمال التصميم (No bid for design) | L200: صورة جزئية | N200: P856 | O200: تنفيذ خطوط وشبكات الصرف الصحي بمحافظة العلا ( الجزء الاول ) | P200: الشمالي الغربي | Q200: المدينة المنورة | R200: 1.5732436e+08 | S200: الحزمة الأولى | T200: تم الإعتماد | U200: تم الإعتماد | V200: تعزيز التكاليف | AK200: مكتمل بشروط
D201: جاري | E201: مكتمل | F201: لا ينطبق | G201: مكتمل | H201: مكتمل | I201: =IF(R201>25000000,"Full","Simplified") -> Full | J201: DBB | K201: توجد اتفاقية أعمال التصميم مبرمة على مستوى القطاع (Cluster). لم يتم طرح لأعمال التصميم (No bid for design) | L201: صورة جزئية | N201: P834 | O201: ترحيل خطوط وتنفيذ شبكات بمناطق متفرقة (المرحلة الثالثة) | P201: الشمالي الغربي | Q201: المدينة المنورة | R201: 1.1848035e+08 | S201: الحزمة الأولى | T201: تم الإعتماد | U201: تم الإعتماد | V201: تعزيز التكاليف | AK201: مرفوض
D202: جاري | E202: مكتمل | F202: لا ينطبق | G202: مكتمل | H202: مكتمل | I202: =IF(R202>25000000,"Full","Simplified") -> Full | J202: DBB | K202: توجد اتفاقية أعمال التصميم مبرمة على مستوى القطاع (Cluster). لم يتم طرح لأعمال التصميم (No bid for design) | L202: صورة جزئية | N202: P835 | O202: ترحيل خطوط وتنفيذ شبكات بمناطق متفرقة (المرحلة الرابعة) | P202: الشمالي الغربي | Q202: المدينة المنورة | R202: 132249724 | T202: تم الإعتماد | U202: تم الإعتماد | V202: تعزيز التكاليف | AK202: لا ينطبق
D203: جاري | E203: مكتمل | F203: لا ينطبق | G203: مكتمل | H203: مكتمل | I203: =IF(R203>25000000,"Full","Simplified") -> Full | J203: DBB | K203: توجد اتفاقية أعمال التصميم مبرمة على مستوى القطاع (Cluster). لم يتم طرح لأعمال التصميم (No bid for design) | L203: صورة جزئية | N203: P860 | O203: نقل ومعالجة الحماه من محطة معالجة مياه الصرف الصحي بالمدينة المنورة ( الجزء الأول ) | P203: الشمالي الغربي | Q203: المدينة المنورة | R203: 69000000 | S203: الحزمة الأولى | T203: تم الإعتماد | U203: تم الإعتماد | V203: إعادة طرح
D204: جاري | E204: مكتمل | F204: مكتمل | G204: مكتمل | H204: مكتمل | I204: =IF(R204>25000000,"Full","Simplified") -> Full | J204: DBB | L204: صورة كاملة | N204: P816-2 | O204: تنفيذ الخط الرئيسي للصرف الصحي وشبكات التجميع لخدمة توسعة المطار ومخطط العوينة والعاقول بالمدينة المنورة | P204: الشمالي الغربي | Q204: المدينة المنورة | R204: 2.4225834e+08 | S204: الحزمة الأولى | T204: تم الإعتماد | U204: تم الإعتماد | V204: تعزيز التكاليف
D205: جاري | E205: مكتمل | F205: مكتمل | G205: مكتمل | H205: مكتمل | I205: =IF(R205>25000000,"Full","Simplified") -> Full | J205: DBB | L205: صورة كاملة | N205: P848-2 | O205: تنفيذ خطوط وشبكات الصرف الصحي غرب المدينة المنورة | P205: الشمالي الغربي | Q205: المدينة المنورة | R205: 1.4561455e+08 | S205: الحزمة الأولى | T205: تم الإعتماد | U205: تم الإعتماد | V205: فحص العروض والترسية
D206: جاري | E206: مكتمل | F206: مكتمل | G206: مكتمل | H206: مكتمل | I206: =IF(R206>25000000,"Full","Simplified") -> Full | J206: DBB | L206: صورة كاملة | N206: P855 | O206: تنفيذ خطوط الرئيسية وشبكات الصرف الصحي شرق المدينة المنورة | P206: الشمالي الغربي | Q206: المدينة المنورة | R206: 2.8292677e+08 | S206: الحزمة الأولى | T206: تم الإعتماد | U206: تم الإعتماد | V206: تعزيز التكاليف
D207: جاري | E207: مكتمل | F207: مكتمل | G207: مكتمل | H207: مكتمل | I207: =IF(R207>25000000,"Full","Simplified") -> Full | J207: DBB | L207: صورة كاملة | N207: P863 | O207: تنفيذ خطوط وشبكات الصرف الصحي شمال المدينة المنورة | P207: الشمالي الغربي | Q207: المدينة المنورة | R207: 1.4694117e+08 | S207: الحزمة الأولى | T207: تم الإعتماد | U207: تم الإعتماد | V207: فحص العروض والترسية
D208: جاري | E208: مكتمل | F208: مكتمل | G208: مكتمل | H208: مكتمل | I208: =IF(R208>25000000,"Full","Simplified") -> Full | J208: DBB | L208: صورة كاملة | N208: P801 | O208: تنفيذ الخطوط الرئيسية والفرعية لايصال خدمة الصرف الصحي الى مستشفى التخصصي بحمراء الأسد | P208: الشمالي الغربي | Q208: المدينة المنورة | R208: 2.3554691e+08 | S208: الحزمة الأولى | T208: تم الإعتماد | U208: تم الإعتماد | V208: إعادة طرح
D209: جاري | E209: مكتمل | F209: لا ينطبق | G209: مكتمل | H209: مكتمل | I209: =IF(R209>25000000,"Full","Simplified") -> Full | J209: DBB | K209: توجد اتفاقية أعمال التصميم مبرمة على مستوى القطاع (Cluster). لم يتم طرح لأعمال التصميم (No bid for design) | L209: صورة جزئية | N209: P812 | O209: تنفيذ خط مياه الصرف الصحي من المنطقة المركزية الى محطة المعالجة بالمدينة المنورة (المرحلة الاولى) | P209: الشمالي الغربي | Q209: المدينة المنورة | R209: 130984747 | S209: الحزمة الأولى | T209: تم الإعتماد | U209: تم الإعتماد | V209: معتمد دراسة جدوى وRFP ولم يطرح (في انتظار موافقة كفاءة الانفاق)
E210: جاري | F210: لا ينطبق | G210: مكتمل | H210: مكتمل | I210: =IF(R210>25000000,"Full","Simplified") -> Full | J210: DBB | K210: توجد اتفاقية أعمال التصميم مبرمة على مستوى القطاع (Cluster). لم يتم طرح لأعمال التصميم (No bid for design) | L210: صورة جزئية | N210: AP1228 | O210: تنفيذ خطوط وشبكات المياه بمخططات العوينة بالمدينة المنورة | P210: الشمالي الغربي | Q210: المدينة المنورة | R210: 60000000 | S210: الحزمة الأولى | T210: لدى القطاع لتعديل الملاحظات | U210: أعمال حقلية 10% | V210: لم يتم إستلام طلب الشراء
E211: جاري | F211: لا ينطبق | G211: مكتمل | H211: مكتمل | I211: =IF(R211>25000000,"Full","Simplified") -> Full | J211: DBB | K211: توجد اتفاقية أعمال التصميم مبرمة على مستوى القطاع (Cluster). لم يتم طرح لأعمال التصميم (No bid for design) | L211: صورة جزئية | N211: P846-3 | O211: تنفيذ شبكات الصرف الصحي بمخططات الرانوناء واحياء جنوب المدينة ( المرحلة الثانية) | P211: الشمالي الغربي | Q211: المدينة المنورة | R211: 97750000 | S211: الحزمة الأولى | T211: لدى القطاع لتعديل الملاحظات | U211: أعمال حقلية 10% | V211: لم يتم إستلام طلب الشراء
E212: جاري | F212: لا ينطبق | G212: مكتمل | H212: مكتمل | I212: =IF(R212>25000000,"Full","Simplified") -> Full | J212: DBB | K212: توجد اتفاقية أعمال التصميم مبرمة على مستوى القطاع (Cluster). لم يتم طرح لأعمال التصميم (No bid for design) | L212: صورة جزئية | N212: P846-5 | O212: تنفيذ شبكات الصرف الصحي بمخططات شوران واحياء جنوب المدينة | P212: الشمالي الغربي | Q212: المدينة المنورة | R212: 85000000 | S212: الحزمة الأولى | T212: لدى القطاع لتعديل الملاحظات | U212: أعمال حقلية 10% | V212: لم يتم إستلام طلب الشراء
D213: جاري | E213: مكتمل | F213: مكتمل | G213: مكتمل | H213: مكتمل | I213: =IF(R213>25000000,"Full","Simplified") -> Full | J213: DBB | L213: صورة كاملة | N213: P917-2 | O213: تنقيذ شبكات وخطوط مياه قرى المدينة المنورة ( الجزء الثاني) | P213: الشمالي الغربي | Q213: المدينة المنورة | R213: 55680638 | S213: الحزمة الأولى | T213: تم الإعتماد | U213: تم الإعتماد | V213: تعزيز التكاليف
I214: =IF(R214>25000000,"Full","Simplified") -> Full | M214: المشروع منجز | N214: P896-1 | O214: تنفيذ خط خروج خزانات غرب المدينة | P214: الشمالي الغربي | Q214: المدينة المنورة | R214: 29301148 | S214: الحزمة الأولى | T214: تم الإعتماد | U214: تم الإعتماد | V214: منجز
D215: جاري | E215: مكتمل | F215: مكتمل | G215: مكتمل | H215: مكتمل | I215: =IF(R215>25000000,"Full","Simplified") -> Simplified | J215: DBB | L215: صورة كاملة | N215: AP241 | O215: مشروع انشاء اشياب محطات تعبئة الصهاريج الناقلة للمياه بمنطقة المدينة المنورة | P215: الشمالي الغربي | Q215: المدينة المنورة | R215: 10746806 | S215: الحزمة الأولى | T215: تم الإعتماد | U215: تم الإعتماد | V215: تعزيز التكاليف
D216: جاري | E216: مكتمل | F216: مكتمل | G216: مكتمل | H216: مكتمل | I216: =IF(R216>25000000,"Full","Simplified") -> Full | J216: DBB | L216: صورة كاملة | N216: P907 | O216: تنفيذ خطوط وشبكات مياه منطقة غرب المدينة المنورة | P216: الشمالي الغربي | Q216: المدينة المنورة | R216: 118754739 | S216: الحزمة الأولى | T216: تم الإعتماد | U216: تم الإعتماد | V216: تعزيز التكاليف
E217: جاري | F217: لا ينطبق | G217: مكتمل | H217: مكتمل | I217: =IF(R217>25000000,"Full","Simplified") -> Full | J217: DBB | K217: توجد اتفاقية أعمال التصميم مبرمة على مستوى القطاع (Cluster). لم يتم طرح لأعمال التصميم (No bid for design) | L217: صورة جزئية | N217: PP218 | O217: تنفيذ شبكات المياه لمخططات المنح (الهضبة - الياسمين - الشروق) | P217: الشمالي الغربي | Q217: المدينة المنورة | R217: 162401120 | S217: الحزمة الأولى | T217: لدى القطاع لتعديل الملاحظات | U217: أعمال حقلية 10% | V217: لم يتم إستلام طلب الشراء
D218: جاري | E218: مكتمل | F218: مكتمل | G218: مكتمل | H218: مكتمل | I218: =IF(R218>25000000,"Full","Simplified") -> Full | J218: DBB | K218: توجد اتفاقية أعمال التصميم مبرمة على مستوى القطاع (Cluster). لم يتم طرح لأعمال التصميم (No bid for design) | L218: صورة جزئية | N218: AP270 | O218: تنفيذ خطوط وشبكات توزيع المياه بمحافظة المهد | P218: الشمالي الغربي | Q218: المدينة المنورة | R218: 1.7233344e+08 | S218: الحزمة الأولى | T218: تم الإعتماد | U218: تم الإعتماد | V218: إعادة طرح
D219: جاري | E219: مكتمل | F219: مكتمل | G219: مكتمل | H219: مكتمل | I219: =IF(R219>25000000,"Full","Simplified") -> Full | J219: DBB | L219: صورة كاملة | N219: P906 | O219: تنفيذ شبكات وخطوط مياه للسويرقية والعقيلية | P219: الشمالي الغربي | Q219: المدينة المنورة | R219: 1.1675848e+08 | S219: الحزمة الأولى | T219: تم الإعتماد | U219: تم الإعتماد | V219: فحص العروض والترسية
D220: جاري | E220: مكتمل | F220: لا ينطبق | G220: مكتمل | H220: مكتمل | I220: =IF(R220>25000000,"Full","Simplified") -> Full | J220: DBB | K220: توجد اتفاقية أعمال التصميم مبرمة على مستوى القطاع (Cluster). لم يتم طرح لأعمال التصميم (No bid for design) | L220: صورة جزئية | N220: P914 | O220: تنفيد الخطوط الرئيسية والفرعية والخزانات بالجفر | P220: الشمالي الغربي | Q220: المدينة المنورة | R220: 56525881 | S220: الحزمة الأولى | T220: تم الإعتماد | U220: تم الإعتماد | V220: تعزيز التكاليف
D221: مشروع خطوط فرعية وتوصيلات منزلية للصرف الصحي مع اعادة تاهيل محطة الضخ بينبع. | E221: مكتمل | F221: لا ينطبق | G221: مكتمل | H221: مكتمل | I221: =IF(R221>25000000,"Full","Simplified") -> Full | J221: DBB | K221: توجد اتفاقية أعمال التصميم مبرمة على مستوى القطاع (Cluster). لم يتم طرح لأعمال التصميم (No bid for design) | L221: صورة جزئية | N221: P859 | O221: تنفيذ خطوط وشبكات الصرف الصحي بمحافظة خيبر( الجزء الأول ) | P221: الشمالي الغربي | Q221: المدينة المنورة | R221: 82587652 | S221: الحزمة الأولى | T221: تم الإعتماد | U221: تم الإعتماد | V221: تعزيز التكاليف
D222: جاري | E222: مكتمل | F222: لا ينطبق | G222: مكتمل | H222: مكتمل | I222: =IF(R222>25000000,"Full","Simplified") -> Full | J222: DBB | K222: توجد اتفاقية أعمال التصميم مبرمة على مستوى القطاع (Cluster). لم يتم طرح لأعمال التصميم (No bid for design) | L222: صورة جزئية | N222: P919 | O222: تنفيذ شبكات وخطوط المياه بمحافظة خيبر | P222: الشمالي الغربي | Q222: المدينة المنورة | R222: 64047340 | S222: الحزمة الأولى | T222: تم الإعتماد | U222: تم الإعتماد | V222: تعزيز التكاليف
D223: جاري | E223: مكتمل | F223: لا ينطبق | G223: مكتمل | H223: مكتمل | I223: =IF(R223>25000000,"Full","Simplified") -> Simplified | J223: DBB | K223: توجد اتفاقية أعمال التصميم مبرمة على مستوى القطاع (Cluster). لم يتم طرح لأعمال التصميم (No bid for design) | L223: صورة جزئية | N223: P1864 | O223: توريد وتركيب مضخات ابار وخطوط الانابيب وملحقاتها لحقل ابار العشاش | P223: الشمالي الغربي | Q223: المدينة المنورة | R223: 19550000 | S223: الحزمة الأولى | T223: تم الإعتماد | U223: تم الإعتماد | V223: التحليل الفني
D224: جاري | E224: مكتمل | F224: لا ينطبق | G224: مكتمل | H224: مكتمل | I224: =IF(R224>25000000,"Full","Simplified") -> Full | J224: DBB | K224: توجد اتفاقية أعمال التصميم مبرمة على مستوى القطاع (Cluster). لم يتم طرح لأعمال التصميم (No bid for design) | L224: صورة جزئية | N224: P917-1 | O224: تنفيذ شبكات وخطوط مياه قرى المدينة المنورة ( الجزء الأول ) | P224: الشمالي الغربي | Q224: المدينة المنورة | R224: 49158084 | S224: الحزمة الأولى | T224: تم الإعتماد | U224: تم الإعتماد | V224: تعزيز التكاليف
D225: جاري | E225: مكتمل | F225: لا ينطبق | G225: مكتمل | H225: مكتمل | I225: =IF(R225>25000000,"Full","Simplified") -> Full | J225: DBB | K225: توجد اتفاقية أعمال التصميم مبرمة على مستوى القطاع (Cluster). لم يتم طرح لأعمال التصميم (No bid for design) | L225: صورة جزئية | N225: P895-1 | O225: تنفيذ شبكة توزيع للمياه بالمندسة | P225: الشمالي الغربي | Q225: المدينة المنورة | R225: 43700000 | S225: الحزمة الأولى | T225: تم الإعتماد | U225: تم الإعتماد | V225: اصدار امر شراء/اتفاقية السعر المحدد
C226: جاري | D226: مكتمل | E226: مكتمل | F226: لا ينطبق | G226: مكتمل | H226: مكتمل | I226: =IF(R226>25000000,"Full","Simplified") -> Simplified | J226: DBB | K226: توجد اتفاقية أعمال التصميم مبرمة على مستوى القطاع (Cluster). لم يتم طرح لأعمال التصميم (No bid for design) | L226: صورة جزئية | N226: AP232 | O226: تنفيذ البنية التحتية لجرعات الكلور الآلي في الخزانات الموجودة بمنطقة المدينة المنورة | P226: الشمالي الغربي | Q226: المدينة المنورة | R226: 20700000 | S226: الحزمة الأولى | T226: تم الإعتماد | U226: تم الإعتماد | V226: تحت التنفيذ
D227: جاري | E227: مكتمل | F227: لا ينطبق | G227: مكتمل | H227: مكتمل | I227: =IF(R227>25000000,"Full","Simplified") -> Full | J227: DBB | K227: توجد اتفاقية أعمال التصميم مبرمة على مستوى القطاع (Cluster). لم يتم طرح لأعمال التصميم (No bid for design) | L227: صورة جزئية | N227: AP1491 | O227: استكمال اعمال تنفيذ محطة معالجة مياه الصرف الصحي بينبع النخل المرحلة الثانية | P227: الشمالي الغربي | Q227: المدينة المنورة | R227: 64296938 | S227: الحزمة الأولى | T227: تم الإعتماد | U227: تم الإعتماد | V227: معتمد دراسة جدوى وRFP ولم يطرح (في انتظار موافقة كفاءة الانفاق)
D228: جاري | E228: مكتمل | F228: لا ينطبق | G228: مكتمل | H228: مكتمل | I228: =IF(R228>25000000,"Full","Simplified") -> Simplified | J228: DBB | K228: توجد اتفاقية أعمال التصميم مبرمة على مستوى القطاع (Cluster). لم يتم طرح لأعمال التصميم (No bid for design) | L228: صورة جزئية | N228: AP3501 | O228: استكمال مشروع توسعة محطة المعالجة بأملج | P228: الشمالي الغربي | Q228: تبوك | R228: 18862003 | S228: الحزمة الأولى | T228: تم الإعتماد | U228: تم الإعتماد | V228: فحص العروض والترسية
E229: جاري | F229: لا ينطبق | G229: مكتمل | H229: مكتمل | I229: =IF(R229>25000000,"Full","Simplified") -> Simplified | J229: DBB | K229: توجد اتفاقية أعمال التصميم مبرمة على مستوى القطاع (Cluster). لم يتم طرح لأعمال التصميم (No bid for design) | L229: صورة جزئية | N229: P1494 | O229: مشروع انشاء الطرق الموصلة الى محطات الضخ والمعالجة بمنطقة تبوك | P229: الشمالي الغربي | Q229: تبوك | R229: 16100000 | S229: الحزمة الأولى | T229: تم الإعتماد | U229: تصاميم 30% | V229: لم يتم إستلام طلب الشراء
D230: جاري | E230: مكتمل | F230: لا ينطبق | G230: مكتمل | H230: مكتمل | I230: =IF(R230>25000000,"Full","Simplified") -> Simplified | J230: DBB | K230: توجد اتفاقية أعمال التصميم مبرمة على مستوى القطاع (Cluster). لم يتم طرح لأعمال التصميم (No bid for design) | L230: صورة جزئية | N230: P1492 | O230: مشروع تنفيذ الحماية من أخطار السيول لمواقع محطات الضخ والمعالجة بمنطقة تبوك | P230: الشمالي الغربي | Q230: تبوك | R230: 18975000 | S230: الحزمة الأولى | T230: تم الإعتماد | U230: تم الإعتماد | V230: معتمد دراسة جدوى وRFP ولم يطرح (في انتظار موافقة كفاءة الانفاق)
D231: جاري | E231: مكتمل | F231: لا ينطبق | G231: مكتمل | H231: مكتمل | I231: =IF(R231>25000000,"Full","Simplified") -> Simplified | J231: DBB | K231: توجد اتفاقية أعمال التصميم مبرمة على مستوى القطاع (Cluster). لم يتم طرح لأعمال التصميم (No bid for design) | L231: صورة جزئية | N231: P1490-1 | O231: مشروع إعادة تأهيل محطة رفع مياه الصرف الصحي بمدينة بتبوك | P231: الشمالي الغربي | Q231: تبوك | R231: 16861530 | S231: الحزمة الأولى | T231: تم الإعتماد | U231: تم الإعتماد | V231: إعادة طرح
D232: جاري | E232: مكتمل | F232: لا ينطبق | G232: مكتمل | H232: مكتمل | I232: =IF(R232>25000000,"Full","Simplified") -> Full | J232: DBB | K232: توجد اتفاقية أعمال التصميم مبرمة على مستوى القطاع (Cluster). لم يتم طرح لأعمال التصميم (No bid for design) | L232: صورة جزئية | N232: P1475-1 | O232: تنفيذ شبكات الصرف الصحي لاحياء شرق تبوك ( المرحلة الاولى) | P232: الشمالي الغربي | Q232: تبوك | R232: 1.8112173e+08 | S232: الحزمة الأولى | T232: تم الإعتماد | U232: تم الإعتماد | V232: تعزيز التكاليف
D233: جاري | E233: مكتمل | F233: مكتمل | G233: مكتمل | H233: مكتمل | I233: =IF(R233>25000000,"Full","Simplified") -> Full | J233: DBB | L233: صورة كاملة | N233: P1475-2 | O233: تنفيذ شبكات الصرف الصحي لاحياء شرق تبوك ( المرحلة الثانبة) | P233: الشمالي الغربي | Q233: تبوك | R233: 2.3575012e+08 | S233: الحزمة الأولى | T233: تم الإعتماد | U233: تم الإعتماد | V233: تعزيز التكاليف
D234: جاري | E234: مكتمل | F234: مكتمل | G234: مكتمل | H234: مكتمل | I234: =IF(R234>25000000,"Full","Simplified") -> Full | J234: DBB | L234: صورة كاملة | N234: AP253 | O234: تنفيذ مشاريع إيصال خدمات الصرف الصحي لمخططات الإسكان بتبوك | P234: الشمالي الغربي | Q234: تبوك | R234: 76314828 | S234: الحزمة الأولى | T234: تم الإعتماد | U234: تم الإعتماد | V234: تعزيز التكاليف
E235: جاري | F235: لا ينطبق | G235: مكتمل | H235: مكتمل | I235: =IF(R235>25000000,"Full","Simplified") -> Full | J235: DBB | K235: توجد اتفاقية أعمال التصميم مبرمة على مستوى القطاع (Cluster). لم يتم طرح لأعمال التصميم (No bid for design) | L235: صورة جزئية | N235: P1503 | O235: تنفيذ شبكات وخطوط للمياه بأحياء شمال مدينة تبوك | P235: الشمالي الغربي | Q235: تبوك | R235: 47000000 | S235: الحزمة الأولى | T235: لدى القطاع لتعديل الملاحظات | U235: أعمال حقلية 10% | V235: لم يتم إستلام طلب الشراء
E236: جاري | F236: لا ينطبق | G236: مكتمل | H236: مكتمل | I236: =IF(R236>25000000,"Full","Simplified") -> Simplified | J236: DBB | K236: توجد اتفاقية أعمال التصميم مبرمة على مستوى القطاع (Cluster). لم يتم طرح لأعمال التصميم (No bid for design) | L236: صورة جزئية | N236: P1509-2 | O236: مشروع تنفيذ شبكات وخطوط رئيسية للمياه باحياء شرق تبوك ( الجزء الثاني ) | P236: الشمالي الغربي | Q236: تبوك | R236: 25000000 | S236: الحزمة الأولى | T236: لدى القطاع لتعديل الملاحظات | U236: أعمال حقلية 10% | V236: لم يتم إستلام طلب الشراء
C237: جاري | D237: مكتمل | E237: مكتمل | F237: لا ينطبق | G237: مكتمل | H237: مكتمل | I237: =IF(R237>25000000,"Full","Simplified") -> Simplified | J237: DBB | K237: توجد اتفاقية أعمال التصميم مبرمة على مستوى القطاع (Cluster). لم يتم طرح لأعمال التصميم (No bid for design) | L237: صورة جزئية | N237: AP233 | O237: تنفيذ البنية التحتية لجرعات الكلور الآلي في الخزانات الموجودة بمنطقة تبوك | P237: الشمالي الغربي | Q237: تبوك | R237: 14564900 | S237: الحزمة الأولى | T237: تم الإعتماد | U237: تم الإعتماد | V237: تحت التنفيذ
D238: جاري | E238: مكتمل | F238: لا ينطبق | G238: مكتمل | H238: مكتمل | I238: =IF(R238>25000000,"Full","Simplified") -> Full | J238: DBB | K238: توجد اتفاقية أعمال التصميم مبرمة على مستوى القطاع (Cluster). لم يتم طرح لأعمال التصميم (No bid for design) | L238: صورة جزئية | N238: P1509-1 | O238: مشروع تنفيذ شبكات وخطوط رئيسية للمياه باحياء شرق تبوك ( الجزء الأول ) | P238: الشمالي الغربي | Q238: تبوك | R238: 143750000 | S238: الحزمة الأولى | T238: تم الإعتماد | U238: تم الإعتماد | V238: إعادة طرح
D239: جاري | E239: مكتمل | F239: لا ينطبق | G239: مكتمل | H239: مكتمل | I239: =IF(R239>25000000,"Full","Simplified") -> Full | J239: DBB | K239: توجد اتفاقية أعمال التصميم مبرمة على مستوى القطاع (Cluster). لم يتم طرح لأعمال التصميم (No bid for design) | L239: صورة جزئية | N239: P1501 | O239: انشاء خزانات تشغيلية في مدينة تبوك في مواقع السنابل والشفا بمدينة تبوك | P239: الشمالي الغربي | Q239: تبوك | R239: 1.2625921e+08 | S239: الحزمة الأولى | T239: تم الإعتماد | U239: تم الإعتماد | V239: تعزيز التكاليف
I240: =IF(R240>25000000,"Full","Simplified") -> Simplified | M240: المشروع منجز | N240: P1490 | O240: مشروع رفع كفاءة محطات الضخ بمدينة تبوك | P240: الشمالي الغربي | Q240: تبوك | R240: 17635765 | S240: الحزمة الأولى | T240: تم الإعتماد | U240: تم الإعتماد | V240: منجز
D241: جاري | E241: مكتمل | F241: لا ينطبق | G241: مكتمل | H241: مكتمل | I241: =IF(R241>25000000,"Full","Simplified") -> Simplified | J241: DBB | K241: توجد اتفاقية أعمال التصميم مبرمة على مستوى القطاع (Cluster). لم يتم طرح لأعمال التصميم (No bid for design) | L241: صورة جزئية | N241: AP245 | O241: انشاء بحيرات وأحواض التجفيف والتبخير للمياه بمنطقة تبوك | P241: الشمالي الغربي | Q241: تبوك | R241: 9200000 | S241: الحزمة الأولى | T241: تم الإعتماد | U241: تم الإعتماد | V241: معتمد دراسة جدوى وRFP ولم يطرح (في انتظار رفع طلب الشراء)
D242: جاري | E242: مكتمل | F242: لا ينطبق | G242: مكتمل | H242: مكتمل | I242: =IF(R242>25000000,"Full","Simplified") -> Full | J242: DBB | K242: توجد اتفاقية أعمال التصميم مبرمة على مستوى القطاع (Cluster). لم يتم طرح لأعمال التصميم (No bid for design) | L242: صورة جزئية | N242: P1512 | O242: مشروع عقد شبكات وأعمال مواقع مياه الشرب بمركز العيينة - تبوك | P242: الشمالي الغربي | Q242: تبوك | R242: 43700000 | S242: الحزمة الأولى | T242: تم الإعتماد | U242: تم الإعتماد | V242: فحص العروض والترسية
D243: جاري | E243: مكتمل | F243: لا ينطبق | G243: مكتمل | H243: مكتمل | I243: =IF(R243>25000000,"Full","Simplified") -> Full | J243: DBB | K243: توجد اتفاقية أعمال التصميم مبرمة على مستوى القطاع (Cluster). لم يتم طرح لأعمال التصميم (No bid for design) | L243: صورة جزئية | N243: AP259 | O243: تنفيذ نظام لنقل مياه الصرف الصحي للمنطقة السكنية لمنقذ الدرة بحقل | P243: الشمالي الغربي | Q243: تبوك | R243: 36973801 | S243: الحزمة الأولى | T243: تم الإعتماد | U243: تم الإعتماد | V243: تعزيز التكاليف
D244: جاري | E244: مكتمل | F244: مكتمل | G244: مكتمل | H244: مكتمل | I244: =IF(R244>25000000,"Full","Simplified") -> Simplified | J244: DBB | L244: صورة كاملة | N244: AP254 | O244: مشروع ايصال المياه لمنفذ الدرة الحدودي | P244: الشمالي الغربي | Q244: تبوك | R244: 18518632 | S244: الحزمة الأولى | T244: تم الإعتماد | U244: تم الإعتماد | V244: تعزيز التكاليف
I245: =IF(R245>25000000,"Full","Simplified") -> Full | N245: AP444 | O245: تنفيذ شبكات المياه بمدينة الجموم - عقد 5 | P245: الغربي | Q245: مكة المكرمة | R245: 1.4378411e+08 | S245: الحزمة الأولى | T245: تم الإعتماد | U245: تم الإعتماد | V245: معتمد دراسة جدوى وRFP ولم يطرح (في انتظار رفع طلب الشراء)
I246: =IF(R246>25000000,"Full","Simplified") -> Full | N246: AP445 | O246: مشروع تنفيذ منظومة توزيع المياه بمدينة عسفان - محافظة الجموم | P246: الغربي | Q246: مكة المكرمة | R246: 78792530 | S246: الحزمة الأولى | T246: تم الإعتماد | U246: تم الإعتماد | V246: اصدار امر شراء/اتفاقية السعر المحدد
I247: =IF(R247>25000000,"Full","Simplified") -> Full | N247: AP446 | O247: تنفيذ شبكات المياه بمدينة الجموم - عقد 4 | P247: الغربي | Q247: مكة المكرمة | R247: 1.2063987e+08 | S247: الحزمة الأولى | T247: تم الإعتماد | U247: تم الإعتماد | V247: معتمد دراسة جدوى وRFP ولم يطرح (في انتظار رفع طلب الشراء)
I248: =IF(R248>25000000,"Full","Simplified") -> Full | N248: P1083 | O248: مشروع تنفيذ الخزان التشغيلي وخطوط التوزيع الرئيسية شاملاً أعمال الضخ بمدينة الجموم | P248: الغربي | Q248: مكة المكرمة | R248: 389805426 | S248: الحزمة الأولى | T248: تم الإعتماد | U248: تم الإعتماد | V248: معتمد دراسة جدوى وRFP ولم يطرح (في انتظار موافقة كفاءة الانفاق)
I249: =IF(R249>25000000,"Full","Simplified") -> Full | N249: P1083-1 | O249: تنفيذ خطوط التوزيع الرئيسية بمدينة الجموم | P249: الغربي | Q249: مكة المكرمة | R249: 3.8027905e+08 | S249: الحزمة الأولى | T249: تم الإعتماد | U249: تم الإعتماد | V249: معتمد دراسة جدوى وRFP ولم يطرح (في انتظار رفع طلب الشراء)
I250: =IF(R250>25000000,"Full","Simplified") -> Full | N250: P1083-2 | O250: تنفيذ خطوط التوزيع الرئيسية من خزان الجموم المقترح لخزان بحره المقترح | P250: الغربي | Q250: مكة المكرمة | R250: 2.4762759e+08 | S250: الحزمة الأولى | T250: تم الإعتماد | U250: تم الإعتماد | V250: معتمد دراسة جدوى وRFP ولم يطرح (في انتظار رفع طلب الشراء)
I251: =IF(R251>25000000,"Full","Simplified") -> Simplified | N251: AP450 | O251: تنفيذ محطة أشياب بالخرمة محافظة الخرمة | P251: الغربي | Q251: مكة المكرمة | R251: 2185864.8 | S251: الحزمة الأولى | T251: تم الإعتماد | U251: تم الإعتماد | V251: التحليل الفني
I252: =IF(R252>25000000,"Full","Simplified") -> Full | N252: AP503 | O252: تنفيذ خط تجميع رئيسيى بشارع شهار | P252: الغربي | Q252: مكة المكرمة | R252: 41227500 | S252: الحزمة الأولى | T252: تم الإعتماد | U252: تم الإعتماد | V252: تعزيز التكاليف
I253: =IF(R253>25000000,"Full","Simplified") -> Full | N253: AP506 | O253: تنفيذ اعادة تأهيل الشبكة القائمة و محطتى الرفع (1&4) شاملا التحويلات على الخطوط الرئيسية | P253: الغربي | Q253: مكة المكرمة | R253: 77868386 | S253: الحزمة الأولى | T253: تم الإعتماد | U253: تم الإعتماد | V253: إعادة طرح
I254: =IF(R254>25000000,"Full","Simplified") -> Full | N254: AP507 | O254: تنفيذ اعادة تأهيل الشبكة القائمة شاملا التحويلات على الخطوط الرئيسية | P254: الغربي | Q254: مكة المكرمة | R254: 65988746 | S254: الحزمة الأولى | T254: تم الإعتماد | U254: تم الإعتماد | V254: تعزيز التكاليف
I255: =IF(R255>25000000,"Full","Simplified") -> Full | N255: AP510 | O255: تنفيذ الخطوط الرئيسية ومحطات الرفع وخطوط الطرد لمناطق باحياء الاخباب وام ثمام -الشعبة -عكرمة والقراحين | P255: الغربي | Q255: مكة المكرمة | R255: 60312227 | S255: الحزمة الأولى | T255: تم الإعتماد | U255: تم الإعتماد | V255: إعادة طرح
I256: =IF(R256>25000000,"Full","Simplified") -> Full | N256: AP505 | O256: تنفيذ اعادة تأهيل الشبكة القائمة ومحطتى الرفع باحياء شهار والمعارض شاملا التحويلات على الخطوط الرئيسية | P256: الغربي | Q256: مكة المكرمة | R256: 52497583 | S256: الحزمة الأولى | T256: تم الإعتماد | U256: تم الإعتماد | V256: تعزيز التكاليف
... I385: =IF(R385>25000000,"Full","Simplified") -> Full | N385: AP845 | O385: تنفيذ شبكة توزيع المياه حي ولى العهد منطقة-9 | P385: الغربي | Q385: مكة المكرمة | R385: 1.1818832e+08 | S385: الحزمة الأولى | T385: تم الإعتماد | U385: تصاميم 90% | V385: لم يتم إستلام طلب الشراء
I386: =IF(R386>25000000,"Full","Simplified") -> Full | N386: P421 | O386: مشروع استبدال شبكات مياه الجش والملاحة وحلة محيش والأجاوم والدخل المحدود والعوامية والقديح وعنك القديمة وبلدة تاروت | P386: الشرقي | Q386: المنطقة الشرقية | R386: 71305462 | S386: المدن الساحلية | T386: تم الإعتماد | U386: تم الإعتماد | V386: تحت التنفيذ | W386: استلام ابتدائي
I387: =IF(R387>25000000,"Full","Simplified") -> Full | N387: AP614 | O387: مشروع تنفيذ الخطوط الفرعية غير المنفذة للصرف الصحى للعقد (12هـ) حى الشاطىء (3) بجدة | P387: الغربي | Q387: مكة المكرمة | R387: 59579534 | S387: المدن الساحلية | T387: تم الإعتماد | U387: تم الإعتماد | V387: تحت التنفيذ | W387: استلام ابتدائي
I388: =IF(R388>25000000,"Full","Simplified") -> Full | N388: AP490 | O388: إنشاء وتخفيض شبكة تخفيض منسوب المياه السطحية الخاصة ببرنامج مكافحة حمى الضنك بمحافظة جدة لأحياء (البحرة). | P388: الغربي | Q388: مكة المكرمة | R388: 187738650 | S388: المدن الساحلية | T388: تم الإعتماد | U388: تم الإعتماد | V388: تحت التنفيذ | W388: ايقاف كلي
I389: =IF(R389>25000000,"Full","Simplified") -> Full | N389: AP617 | O389: مشروع تنفيذ الخطوط الفرعية غير المنفذة للصرف الصحى للعقد (12م) جزء من حى الشاطىء (6) بجدة | P389: الغربي | Q389: مكة المكرمة | R389: 32650766 | S389: المدن الساحلية | T389: تم الإعتماد | U389: تم الإعتماد | V389: تحت التنفيذ | W389: متأخر
I390: =IF(R390>25000000,"Full","Simplified") -> Simplified | N390: AP611 | O390: مشروع تنفيذ الخطوط الفرعية غير المنفذة للصرف الصحى للعقد (12أ) لجزء من حى النهضة (1) بجدة | P390: الغربي | Q390: مكة المكرمة | R390: 24505910 | S390: المدن الساحلية | T390: تم الإعتماد | U390: تم الإعتماد | V390: تحت التنفيذ | W390: متأخر
I391: =IF(R391>25000000,"Full","Simplified") -> Full | N391: AP612 | O391: مشروع تنفيذ الخطوط الفرعية غير المنفذة للصرف الصحى للعقد (12ب) لجزء من حى النهضة (١ و 3) بجدة | P391: الغربي | Q391: مكة المكرمة | R391: 31429374 | S391: المدن الساحلية | T391: تم الإعتماد | U391: تم الإعتماد | V391: تحت التنفيذ | W391: متأخر
I392: =IF(R392>25000000,"Full","Simplified") -> Full | N392: P417 | O392: مشروع إستبدال شبكات المياه بمناطق متفرقة بمحافظة الخفجي ( المرحلة الثانية ) | P392: الشرقي | Q392: المنطقة الشرقية | R392: 29282610 | S392: المدن الساحلية | T392: تم الإعتماد | U392: تم الإعتماد | V392: تحت التنفيذ | W392: متأخر
I393: =IF(R393>25000000,"Full","Simplified") -> Simplified | N393: AP615 | O393: مشروع تنفيذ الخطوط الفرعية غير المنفذة للصرف الصحى للعقد (12ف) حى الشاطىء (4) بجدة | P393: الغربي | Q393: مكة المكرمة | R393: 24097182 | S393: المدن الساحلية | T393: تم الإعتماد | U393: تم الإعتماد | V393: تحت التنفيذ | W393: متأخر
I394: =IF(R394>25000000,"Full","Simplified") -> Full | N394: P350 | O394: شبكات الصرف الصحي ومحطات الضخ وبعض خطوط الصرف الصحي الناقلةلمخططات بالعزيزيةومناطق أخرى بمحافظةالخبرالمرحلة ثانية-الجزءالاول | P394: الشرقي | Q394: المنطقة الشرقية | R394: 158722425 | S394: المدن الساحلية | T394: تم الإعتماد | U394: تم الإعتماد | V394: تحت التنفيذ | W394: متأخر
I395: =IF(R395>25000000,"Full","Simplified") -> Full | N395: AP613 | O395: مشروع تنفيذ الخطوط الفرعية غير المنفذة للصرف الصحى للعقد (12د) حى الشاطىء(2) بجدة | P395: الغربي | Q395: مكة المكرمة | R395: 46690568 | S395: المدن الساحلية | T395: تم الإعتماد | U395: تم الإعتماد | V395: تحت التنفيذ | W395: متأخر
I396: =IF(R396>25000000,"Full","Simplified") -> Simplified | N396: AP610 | O396: مشروع تنفيذ الخطوط الفرعية غير المنفذة للصرف الصحى للعقد (11ف) لجزء من حى الزهراء (1 و 2 و 3) بجدة | P396: الغربي | Q396: مكة المكرمة | R396: 12711226 | S396: المدن الساحلية | T396: تم الإعتماد | U396: تم الإعتماد | V396: تحت التنفيذ | W396: متأخر
C397: جاري | D397: مكتمل | E397: مكتمل | F397: لا ينطبق | G397: مكتمل | H397: مكتمل | I397: =IF(R397>25000000,"Full","Simplified") -> Full | J397: DBB | K397: توجد اتفاقية أعمال التصميم مبرمة على مستوى القطاع (Cluster). لم يتم طرح لأعمال التصميم (No bid for design) | L397: صورة جزئية | N397: P845 | O397: تنفيذ خطوط فرعية وتوصيلات منزلية للصرف الصحي مع اعادة تأهيل محطة الضخ بينبع | P397: الشمالي الغربي | Q397: المدينة المنورة | R397: 48379713 | S397: المدن الساحلية | T397: تم الإعتماد | U397: تم الإعتماد | V397: تحت التنفيذ | W397: متأخر | X397: متأخر | Y397: ='LIVE PMO'!F7 -> 46430 | Z397: =EDATE(Y397,-2) -> 46368 | AA397: =EDATE(Y397,24) -> 47161
I398: =IF(R398>25000000,"Full","Simplified") -> Full | N398: P371 | O398: مشروع إستبدال خطوط إنحدار قائمة بمدينة الدمام | P398: الشرقي | Q398: المنطقة الشرقية | R398: 2.817435e+08 | S398: المدن الساحلية | T398: تم الإعتماد | U398: تم الإعتماد | V398: تحت التنفيذ | W398: متأخر
I399: =IF(R399>25000000,"Full","Simplified") -> Full | N399: P392 | O399: توسعة محطة معالجة بمحافظة الخفجي | P399: الشرقي | Q399: المنطقة الشرقية | R399: 1.8255844e+08 | S399: المدن الساحلية | T399: تم الإعتماد | U399: تم الإعتماد | V399: تحت التنفيذ | W399: متعثر
I400: =IF(R400>25000000,"Full","Simplified") -> Full | N400: P344 | O400: مشروع شبكات الصرف الصحي ومحطات الضخ بالعزيزية ومناطق أخرى بمحافظة الخبر ( المرحلة الأولى ) الجزء الاول | P400: الشرقي | Q400: المنطقة الشرقية | R400: 140070000 | S400: المدن الساحلية | T400: تم الإعتماد | U400: تم الإعتماد | V400: تحت التنفيذ | W400: متعثر
C401: جاري | D401: مكتمل | E401: مكتمل | F401: لا ينطبق | G401: مكتمل | H401: مكتمل | I401: =IF(R401>25000000,"Full","Simplified") -> Full | J401: DBB | K401: توجد اتفاقية أعمال التصميم مبرمة على مستوى القطاع (Cluster). لم يتم طرح لأعمال التصميم (No bid for design) | L401: صورة جزئية | N401: P883 | O401: إحلال شبكات وخطوط مياه بمدينة ينبع | P401: الشمالي الغربي | Q401: المدينة المنورة | R401: 26810393 | S401: المدن الساحلية | T401: تم الإعتماد | U401: تم الإعتماد | V401: تحت التنفيذ | W401: متعثر | X401: متعثر | Y401: ='LIVE PMO'!F12 -> 46379 | Z401: =EDATE(Y401,-2) -> 46318 | AA401: =EDATE(Y401,24) -> 47110
I402: =IF(R402>25000000,"Full","Simplified") -> Full | N402: AP110 | O402: مشروع تصميم و تنفيذ محطة معالجة و شبكات الصرف الصحي و خطوط الفائض بمركز الحريضة بمحافظة رجال ألمع | P402: الجنوبي | Q402: عسير | R402: 39226725 | S402: المدن الساحلية | T402: تم الإعتماد | U402: تم الإعتماد | V402: تحت التنفيذ | W402: متعثر
I403: =IF(R403>25000000,"Full","Simplified") -> Full | N403: P362 | O403: مشروع تصميم وتنفيذ شبكات الصرف الصحي لضاحية الملك فهد بمحافظة الجبيل ( المرحلة الأولى ) | P403: الشرقي | Q403: المنطقة الشرقية | R403: 50600000 | S403: المدن الساحلية | T403: تم الإعتماد | U403: تم الإعتماد | V403: تحت التنفيذ | W403: متعثر
I404: =IF(R404>25000000,"Full","Simplified") -> Full | N404: P411 | O404: مشروع استبدال محابس وخطوط المياه من مادة الاسبستوس بمحافظة القطيف | P404: الشرقي | Q404: المنطقة الشرقية | R404: 26265425 | S404: المدن الساحلية | T404: تم الإعتماد | U404: تم الإعتماد | V404: تحت التنفيذ | W404: متعثر
I405: =IF(R405>25000000,"Full","Simplified") -> Full | N405: P430 | O405: مشروع إستبدال خطوط المياه الرئيسية والفرعية بمدينة الدمام- مرحلة اولي | P405: الشرقي | Q405: المنطقة الشرقية | R405: 62434319 | S405: المدن الساحلية | T405: تم الإعتماد | U405: تم الإعتماد | V405: تحت التنفيذ | W405: متعثر
I406: =IF(R406>25000000,"Full","Simplified") -> Full | N406: AP620 | O406: مشروع تنفيذ الخطوط الفرعية غير المنفذة للصرف الصحى للعقد (17أ) حى المحمدية (2) بجدة | P406: الغربي | Q406: مكة المكرمة | R406: 54329818 | S406: المدن الساحلية | T406: تم الإعتماد | U406: تم الإعتماد | V406: تحت التنفيذ | W406: متقدم
I407: =IF(R407>25000000,"Full","Simplified") -> Full | N407: AP621 | O407: مشروع تنفيذ الخطوط الفرعية غير المنفذة للصرف الصحى للعقد (17ب) جزء من حى المحمدية (5) بجدة | P407: الغربي | Q407: مكة المكرمة | R407: 45424770 | S407: المدن الساحلية | T407: تم الإعتماد | U407: تم الإعتماد | V407: تحت التنفيذ | W407: متقدم
I408: =IF(R408>25000000,"Full","Simplified") -> Full | N408: AP622 | O408: مشروع تنفيذ الخطوط الفرعية غير المنفذة للصرف الصحى للعقد (17ج) أحياء المحمدية (1 و 3 و 4) | P408: الغربي | Q408: مكة المكرمة | R408: 85861207 | S408: المدن الساحلية | T408: تم الإعتماد | U408: تم الإعتماد | V408: تحت التنفيذ | W408: متقدم
I409: =IF(R409>25000000,"Full","Simplified") -> Full | N409: P690 | O409: مشروع استكمال تنفيذ شبكات الصرف الصحي لقري ابو السلع والظبية والمحله والقائم الدش وابو القعايد بمحافظة صبياء بمنطقة جازان | P409: الجنوبي | Q409: جازان | R409: 85887587 | S409: المدن الساحلية | T409: تم الإعتماد | U409: تم الإعتماد | V409: تحت التنفيذ | W409: متقدم
I410: =IF(R410>25000000,"Full","Simplified") -> Full | N410: P395 | O410: توسعة محطة المعالجة الثلاثية بالدمام بطاقة 125 ألف متر مكعب يوم وإعادة تأهيل المحطة القائمة | P410: الشرقي | Q410: المنطقة الشرقية | R410: 2.529832e+08 | S410: المدن الساحلية | T410: تم الإعتماد | U410: تم الإعتماد | V410: تحت التنفيذ | W410: متقدم
...

Sheet LIVE PMO
A1: PMO | B1: Project Number | C1: رقم العقد التشغيلي | D1: إسم المشروع | E1: الجهة المسئولة | F1: تاريخ نهاية العقد المعدل | G1: الاستلام الابتدائي الفعلي | H1: الاستلام النهائي الفعلي | I1: وضع المشروع | J1: تاريخ توقيع محضر الاستلام الابتدائي | K1: المنطقة | L1: إجمالي القيمة (مليون)
A2: Yes | B2: 1142 | C2: 03/17/2/01/0012/1 | D2: استكمال تنفيذ الخطوط الرئيسية وشبكات المياه بالمدينة المنورة | E2: منطقة المدينة المنورة | F2: 45120 | G2: 45985 | I2: استلام ابتدائي | J2: 46036 | K2: المدينة المنورة | L2: 59.55
A3: Yes | B3: 10081 | C3: 08/23/2/11/0001/1 | D3: مشروع استكمال شبكات المياه وأعمال الربط للخطوط الرئيسية وأعمال مواقع المياه بمدينة تبوك | E3: منطقة تبوك | F3: 46188 | G3: 46135 | I3: استلام ابتدائي | J3: 46161 | K3: تبوك | L3: 44.01
A4: Yes | B4: 10101 | C4: 03/23/2/01/0003/2 | D4: تنفيذ شبكات وخطوط مياه بالعوينة والعاقول بالمدينة المنورة | E4: منطقة المدينة المنورة | F4: 46706 | I4: منتظم | K4: المدينة المنورة | L4: 56.75
A5: Yes | B5: 10128 | C5: 03/23/2/02/0007/1 | D5: تنفيذ شبكات الصرف الصحى بمحافظات منطقه المدينه المنورة الخطوط الرئيسيه | E5: منطقة المدينة المنورة | F5: 46311 | I5: منتظم | K5: المدينة المنورة | L5: 44.27
A6: Yes | B6: 10129 | C6: 03/23/2/02/0004/1 | D6: مشروع تنفيذ شبكات الصرف الصحي باحياء الجرف بالمدينة المنورة | E6: منطقة المدينة المنورة | F6: 46730 | I6: منتظم | K6: المدينة المنورة | L6: 78.22
A7: Yes | B7: 10136 | C7: 03/23/2/02/0005/1 | D7: تنفيذ خطوط فرعية وتوصيلات منزلية للصرف الصحي مع اعادة تأهيل محطة الضخ بينبع | E7: منطقة المدينة المنورة | F7: 46430 | I7: متأخر | K7: المدينة المنورة | L7: 48.38
A8: Yes | B8: 10137 | C8: 03/23/2/02/0010/1 | D8: تنفيذ شبكات الصرف الصحي بمخططات الرانوناء واحياء جنوب المدينة ( المرحلة الأولى ) | E8: منطقة المدينة المنورة | F8: 46379 | I8: متأخر | K8: المدينة المنورة | L8: 37.84
A9: Consultancy | B9: AP1039-9 | C9: 03/23/1/02/0012/1 | D9: اتفاقية الخدمات الهندسية والاستشارية لتقديم خدمات الإشراف على تنفيذ مشاريع المياه والصرف الصحي بالقطاع الشمالي الغربي عقد (1) | E9: منطقة المدينة المنورة | F9: 46985 | I9: استشاري | K9: المدينة المنورة | L9: 98.67
A10: Consultancy | B10: AP1038-9 | C10: 03/23/1/03/0017/1 | D10: اتفاقية الخدمات الهندسية الاستشارية لإعداد الدراسات والتصاميم لمشاريع المياه والصرف الصحي بالقطاع الشمالي الغربي عقد (1) | E10: منطقة المدينة المنورة | F10: 46407 | I10: استشاري | K10: المدينة المنورة | L10: 122.82
A11: Yes | B11: 10203 | C11: 03/23/2/02/0011/1 | D11: تنفيذ خطوط الصرف الصحي الرئيسية بمخططات الرانوناء واحياء جنوب المدينة | E11: منطقة المدينة المنورة | F11: 46741 | I11: متقدم | K11: المدينة المنورة | L11: 117.21
A12: Yes | B12: 10204 | C12: 03/23/2/01/0016/1 | D12: إحلال شبكات وخطوط مياه بمدينة ينبع | E12: منطقة المدينة المنورة | F12: 46379 | I12: متعثر | K12: المدينة المنورة | L12: 26.81
A13: Consultancy | B13: AP1038-10 | C13: 03/23/1/03/0015/1 | D13: الخدمات الهندسيةالاستشارية الدراسات والتصاميم والهندسة القيمية لمشاريع المياه والصرف الصحي بالقطاع الشمالي الغربي رقم2 | E13: منطقة المدينة المنورة | F13: 46408 | I13: استشاري | K13: المدينة المنورة | L13: 221.14
A14: Consultancy | B14: P877-1 | C14: 03/23/1/09/0018/1 | D14: اعمال الرفع المساحي لاراضي واصول المياه والصرف الصحي المستقبلية بمنطقة المدينة المنورة | E14: منطقة المدينة المنورة | F14: 46415 | I14: استشاري | K14: المدينة المنورة | L14: 0.82
A15: Yes | B15: P898-1 | C15: 03/23/2/01/0023/1 | D15: مشروع إستكمال تنفيذ الخطوط الرئيسية والشبكات الفرعية لمخططات شوران ( المرحلة الأولى ) | E15: منطقة المدينة المنورة | F15: 47014 | I15: متقدم | K15: المدينة المنورة | L15: 111.77
... A18: Yes | B18: P878 | C18: 03/23/2/01/0028/1 | D18: احلال شبكات و خطوط مياه - المدينة المنورة | E18: منطقة المدينة المنورة | F18: 46936 | I18: متقدم | K18: المدينة المنورة | L18: 24.83
A19: Yes | B19: O1005 | C19: 03/23/2/08/0025/1 | D19: استكمال إنشاء خزان مياه تجميعي 10,000م3 ببيضان محافظة المهد | E19: منطقة المدينة المنورة | F19: 46037 | G19: 46023 | I19: استلام ابتدائي | J19: 46026 | K19: المدينة المنورة | L19: 8.6
A20: Yes | B20: P894-1 | C20: 03/23/2/11/0019/1 | D20: مشروع تنفيذ خط المياه الرئيسي في الدائري الثالث شرق المدينة المنورة | E20: منطقة المدينة المنورة | F20: 46581 | I20: متقدم | K20: المدينة المنورة | L20: 26.15
A21: Yes | B21: P848-1 | C21: 03/23/2/12/0027/1 | D21: تنفيذ خط الصرف الصحي الرئيسي بالدعيثة | E21: منطقة المدينة المنورة | F21: 46079 | G21: 45973 | I21: استلام ابتدائي | J21: 46030 | K21: المدينة المنورة | L21: 20.94
A22: Yes | B22: O1021 | C22: 08/23/2/01/0003/1 | D22: استكمال مشروع انشاء شبكات مياه الشرب بقرية المعظم بتبوك | E22: منطقة تبوك | F22: 46034 | G22: 46033 | I22: استلام ابتدائي | J22: 46090 | K22: تبوك | L22: 9.3
A23: Yes | B23: 10256 | C23: 08/23/2/03/0006/1 | D23: تنفيذ الاعمال لإنشاء محطة تنقية مياه الشرب بنظام الحاوية المدمجة للقليبة بمنطقة تبوك سعة 1000 م3\يوم | E23: منطقة تبوك | F23: 47058 | I23: متقدم | K23: تبوك | L23: 39.5
A24: Yes | B24: O192 | C24: 03/23/2/01/0030/1 | D24: استكمال تنفيذ خطوط وشبكات المياه بأحياء شرق المدينة المنورة والعاقول | E24: منطقة المدينة المنورة | F24: 46480 | I24: متعثر | K24: المدينة المنورة | L24: 44.88
A25: Yes | B25: O1006 | C25: 03/23/2/13/0033/1 | D25: توريد وتركيب وحدات معالجة الحمأة ميكانيكيا بالمدينة المنورة | E25: منطقة المدينة المنورة | F25: 46269 | I25: متأخر | K25: المدينة المنورة | L25: 18.57
A26: Yes | B26: O1014 | C26: 08/23/2/04/0007/1 | D26: استكمال مشروع توسعة محطة المعالجة بأملج إلى المرحلة الثلاثية | E26: منطقة تبوك | F26: 46082 | G26: 46082 | I26: استلام ابتدائي | J26: 46142 | K26: تبوك | L26: 42.71
A27: Yes | B27: P852 | C27: 3/25/2/2/P852/1 | D27: مشروع استكمال شبكات الصرف الصحى لحى البرماوية | E27: منطقة المدينة المنورة | F27: 46841 | I27: متقدم | K27: المدينة المنورة | L27: 14.1
A28: Yes | B28: AP243 | C28: 3/25/2/1/AP243/1 | D28: تنفيذ خطوط وشبكات توزيع المياه لمحافظة العيص ( المرحلة الأولى ) | E28: منطقة المدينة المنورة | F28: 46857 | I28: متقدم | K28: المدينة المنورة | L28: 58.22
A29: Yes | B29: P829 | C29: 3/24/2/1/P829/1 | D29: تنفيذ خط المياه الرئيسي لتغذية توسعة المطار | E29: منطقة المدينة المنورة | F29: 46201 | I29: مسحوب | K29: المدينة المنورة | L29: 20.81
A30: Yes | B30: AP251 | C30: 3/25/2/2/AP251/1 | D30: تنفيذ مشاريع إيصال خدمات الصرف الصحي لمخططات الإسكان بالمدينة المنورة ( 4 مواقع ) | E30: منطقة المدينة المنورة | F30: 47309 | I30: متقدم | K30: المدينة المنورة | L30: 72.45
A31: Yes | B31: AP244 | C31: 8/25/2/2/AP244/1 | D31: انشاء مصبات الصهاريج بمحطات معالجة الصرف الصحي بمنطقة تبوك | E31: منطقة تبوك | F31: 46820 | I31: منتظم | K31: تبوك | L31: 18.2
A32: Yes | B32: P825 | C32: 3/25/2/1/P825/1 | D32: خط المياه الرئيسي بالدائري الأوسط بالمدينة المنورة | E32: منطقة المدينة المنورة | F32: 47302 | I32: متقدم | K32: المدينة المنورة | L32: 116.76
A33: Yes | B33: P861 | C33: 3/25/2/2/P861/1 | D33: تنفيذ خطوط وشبكات الصرف الصحي مخطط جبل عير | E33: منطقة المدينة المنورة | F33: 47252 | I33: متقدم | K33: المدينة المنورة | L33: 82.86
A34: Yes | B34: P918 | C34: 3/25/2/1/P918/1 | D34: مشروع إنشاء خط مياه رئيسي من المسيجيد الى هبت مع محطة ضخ في المسيجيد ومحطة أخرى في بئر الروحاء | E34: منطقة المدينة المنورة | F34: 47239 | I34: متقدم | K34: المدينة المنورة | L34: 43.41
A35: Yes | B35: 10277 | C35: 03/23/2/02/0032/1 | D35: إستكمال تنفيذ شبكات الصرف الصحي بالأماكن المتضررة بالمدينة المنورة | E35: منطقة المدينة المنورة | F35: 46232 | I35: متأخر | K35: المدينة المنورة | L35: 26.02
A36: Yes | B36: 10296 | C36: 08/23/2/01/0009/1 | D36: مشروع إنشاء شبكات مياه الشرب لحي الرايس بمدينة تبوك | E36: منطقة تبوك | F36: 46810 | I36: متقدم | K36: تبوك | L36: 12.47
A37: Yes | B37: 10278 | C37: 03/23/2/02/0031/1 | D37: مشروع انشاء شبكات وخطوط الصرف الصحي بحي الأصيفرين بالمدينة المنورة | E37: منطقة المدينة المنورة | F37: 47004 | I37: منتظم | K37: المدينة المنورة | L37: 63.67
A38: Yes | B38: 10279 | C38: 03/23/2/02/0035/1 | D38: تنفيذ شبكات الصرف الصحي بمحافظة ينبع | E38: منطقة المدينة المنورة | F38: 46368 | I38: منتظم | K38: المدينة المنورة | L38: 22.68
... A40: Yes | B40: 10281 | C40: 03/23/2/02/0034/1 | D40: استكمال مشروع شبكات الصرف الصحي والتوصيلات المنزلية بينبع | E40: منطقة المدينة المنورة | F40: 46322 | I40: متعثر | K40: المدينة المنورة | L40: 25.75
A41: Yes | B41: P1498 | C41: 08/23/2/01/0010/1 | D41: شبكات المياه باحياء النظيم وجنوب تبوك | E41: منطقة تبوك | F41: 46287 | G41: 46141 | I41: استلام ابتدائي | J41: 46166 | K41: تبوك | L41: 5.72
A42: Yes | B42: AP257 | C42: 8/25/2/2/AP257/1 | D42: تنفيذ نظام لنقل مياه الصرف الصحي لمنفذ الدرة بحقل | E42: منطقة تبوك | F42: 46959 | I42: منتظم | K42: تبوك | L42: 13.77
A43: Yes | B43: AP247 | C43: 03/23/2/01/0045/1 | D43: تنفيذ خطوط وشبكات توزيع المياه بمحافظة بدر | E43: منطقة المدينة المنورة | F43: 47217 | I43: متقدم | K43: المدينة المنورة | L43: 29.65
A44: Yes | B44: AP269 | C44: 3/25/2/1/AP269/1 | D44: شبكات مياه في الحناكية و الصميد | E44: منطقة المدينة المنورة | F44: 47004 | I44: متقدم | K44: المدينة المنورة | L44: 30.43
A45: Yes | B45: P824 | C45: 3/25/2/1/P824/1 | D45: تنفيذ خط المياه الرئيسي الخاص من موقع الخزانات الاستراتيجية الى المسجد النبوي ومنطقة التطوير | E45: منطقة المدينة المنورة | F45: 47286 | I45: متقدم | K45: المدينة المنورة | L45: 342.21
A46: Yes | B46: P1465-2 | C46: 8/25/2/1/P1465-2/1 | D46: احلال وتجديد شبكات المياه بمنطقة تبوك المرحلة الأولى | E46: منطقة تبوك | F46: 46955 | I46: متقدم | K46: تبوك | L46: 46.5
A47: Yes | B47: P1515 | C47: 8/25/2/1/P1515/1 | D47: مشروع إعادة تأهيل شبكات المياه بمنطقة تبوك | E47: منطقة تبوك | F47: 47179 | I47: متقدم | K47: تبوك | L47: 23.66
A48: Yes | B48: AP256 | C48: 8/24/2/1/AP256/1 | D48: مشروع ايصال المياه لمنفذ حالة عمار الحدودي | E48: منطقة تبوك | F48: 46979 | I48: متقدم | K48: تبوك | L48: 42.91
A49: Yes | B49: NA-00023 | C49: 03/23/2/01/0038/1 | D49: مشروع خطوط وشبكات المياه بمنطقة شمال وشرق المدينة المنورة | E49: منطقة المدينة المنورة | F49: 47051 | I49: منتظم | K49: المدينة المنورة | L49: 35.89
A50: Yes | B50: P1475-3 | C50: 8/25/2/2/P1475-3/1 | D50: تنفيذ شبكة صرف صحي لاحياء شمال تبوك ( المرحلة الأولى ) | E50: منطقة تبوك | F50: 46847 | I50: منتظم | K50: تبوك | L50: 21.86
A51: Yes | B51: P917-3 | C51: 3/25/2/1/P917-3/1 | D51: تنقيذ شبكات وخطوط مياه قرى المدينة المنورة ( الجزء الثالث ) | E51: منطقة المدينة المنورة | F51: 47301 | I51: متقدم | K51: المدينة المنورة | L51: 37.93
A52: Yes | B52: NA-00031 | C52: 03/23/2/01/0041/1 | D52: مشروع احلال خطوط الاسبستوس ببدر | E52: منطقة المدينة المنورة | F52: 46734 | I52: منتظم | K52: المدينة المنورة | L52: 24.99
A53: Yes | B53: NA-00033 | C53: 03/23/2/01/0037/1 | D53: خطوط مياه متفرقة بالمدينة المنورة (الجزء الاول) | E53: منطقة المدينة المنورة | F53: 47057 | I53: متقدم | K53: المدينة المنورة | L53: 28.95
A54: Yes | B54: NA-00034 | C54: 03/23/2/02/0040/1 | D54: تنفيذ شبكات صرف صحي متفرقة بالمدينة المنورة (الجزء الأول) | E54: منطقة المدينة المنورة | F54: 46685 | I54: متقدم | K54: المدينة المنورة | L54: 50.22
A55: Yes | B55: O267 | C55: 03/23/2/02/0039/1 | D55: استكمال الخطوط الرئيسية وشبكات الصرف الصحي بمدينة بدر | E55: منطقة المدينة المنورة | F55: 46110 | G55: 46131 | I55: استلام ابتدائي | J55: 46167 | K55: المدينة المنورة | L55: 38.41
A56: Yes | B56: AP1189 | C56: 08/23/2/02/0012/1 | D56: استكمال انشاء خطوط رئيسية وشبكات الصرف الصحي بتبوك المرحلة الثالثة عشر | E56: منطقة تبوك | F56: 46983 | I56: متقدم | K56: تبوك | L56: 47.36
A57: Yes | B57: P802 | C57: 03/23/2/01/0042/1 | D57: مشروع شبكات المياه لايصال الخدمة لمستشفى التخصصي بحمراء الأسد | E57: منطقة المدينة المنورة | F57: 46737 | I57: متقدم | K57: المدينة المنورة | L57: 32.08
A58: Yes | B58: P1469 | C58: 08/23/2/02/0013/1 | D58: مشروع استكمال شبكات الصرف الصحي في حي الرحمانية تيماء المرحلة السادسة | E58: منطقة تبوك | F58: 47287 | I58: منتظم | K58: تبوك | L58: 37.88
A59: Yes | B59: P1475-4 | C59: 8/25/2/2/P1475-4/1 | D59: تنفيذ شبكة صرف صحي لاحياء شمال تبوك ( المرحلة الثانية ) | E59: منطقة تبوك | F59: 47267 | I59: منتظم | K59: تبوك | L59: 43.34
A60: Yes | B60: P1474 | C60: 8/25/2/2/P1474/1 | D60: انشاء خطوط رئيسية وشبكات الصرف الصحي بتبوك المرحلة الخامسة عشر | E60: منطقة تبوك | F60: 47209 | I60: متقدم | K60: تبوك | L60: 19.03
A61: Consultancy | B61: AP1039-10 | C61: 03/23/1/15/0043/1 | D61: اتفاقية الخدمات الهندسية والاستشارية لتقديم خدمات الإشراف على تنفيذ مشاريع المياه والصرف الصحي بالقطاع الشمالي الغربي عقد (2) | E61: منطقة المدينة المنورة | F61: 47420 | I61: استشاري | K61: المدينة المنورة | L61: 336.54
A62: Consultancy | B62: P877-2 | C62: 08/23/1/09/0002/1 | D62: اعمال الرفع المساحي لاراضي واصول المياه والصرف الصحي المستقبلية بمنطقة اتبوك | E62: منطقة تبوك | F62: 46463 | I62: استشاري | K62: تبوك | L62: 0.22
A63: Yes | B63: P1502 | C63: 08/23/2/01/0014/1 | D63: مشروع انشاء خطوط ناقلة وموقع اعمال مياه ومحطة ضخ بمدينة حقل | E63: منطقة تبوك | F63: 46763 | I63: متقدم | K63: تبوك | L63: 51.43
A64: Yes | B64: P832 | C64: 3/25/2/1/P832/1 | D64: ترحيل خطوط وتنفيذ شبكات بمناطق متفرقة (المرحلة الاولى) | E64: منطقة المدينة المنورة | F64: 47307 | I64: منتظم | K64: المدينة المنورة | L64: 68.35
A65: Yes | B65: AP242 | C65: 8/25/2/1/AP242/1 | D65: مشروع اعمال ربط الخطوط الرئيسية ومحطات الضخ لشبكات مدينة تبوك بالمشروع الشامل | E65: منطقة تبوك | F65: 47295 | I65: متقدم | K65: تبوك | L65: 85.65
A66: Yes | B66: P871 | C66: 3/25/2/2/P871/1 | D66: تنفيذ خطوط وشبكات الصرف الصحي بمحافظة بدر ( الجزء الأول ) | E66: منطقة المدينة المنورة | F66: 47305 | I66: منتظم | K66: المدينة المنورة | L66: 25.75
A67: Yes | B67: P862 | C67: 3/25/2/2/P862/1 | D67: تنفيذ خطوط وشبكات الصرف الصحي بمحافظة المهد ( الجزء الاول ) | E67: منطقة المدينة المنورة | F67: 47299 | I67: متقدم | K67: المدينة المنورة | L67: 47.03
... A69: Yes | B69: P1488 | C69: 08/23/2/03/0011/1 | D69: مشروع انشاء محطة تنقية مياه الشرب لفجر بمنطقة تبوك سعة 500 م3يوم | E69: منطقة تبوك | F69: 46918 | I69: متقدم | K69: تبوك | L69: 26.37
A70: Yes | B70: O394 | C70: 3/25/2/2/O394/1 | D70: استكمال خطوط الصرف الصحي لمدينة العلا (خطوط رئيسية وشبكات) | E70: منطقة المدينة المنورة | F70: 46246 | G70: 46233 | I70: استلام ابتدائي | J70: 46286 | K70: المدينة المنورة | L70: 36.84
A71: Yes | B71: AP246 | C71: 3/25/2/1/AP246/1 | D71: مشروع انشاء شبكات مياه بمدائن صالح | E71: منطقة المدينة المنورة | F71: 46961 | I71: منتظم | K71: المدينة المنورة | L71: 21.79
A72: Yes | B72: AP264 | C72: 3/25/2/1/AP264/1 | D72: مشروع انشاء شبكات مياه بقريتي المعتدل وقاع الحاج | E72: منطقة المدينة المنورة | F72: 46996 | I72: متقدم | K72: المدينة المنورة | L72: 20.79
A73: Yes | B73: AP248 | C73: 3/25/2/1/AP248/1 | D73: تنفيذ خطوط وشبكات توزيع المياه بمحافظة وادي الفرع | E73: منطقة المدينة المنورة | F73: 47241 | I73: متقدم | K73: المدينة المنورة | L73: 21.8
A74: Yes | B74: AP249 | C74: 3/25/2/1/AP249/1 | D74: تنفيذ خط مياه رئيسي وخزان وشبكة توزيع رئيسية لوادي الريم وقراها | E74: منطقة المدينة المنورة | F74: 46995 | I74: ايقاف كلي | K74: المدينة المنورة | L74: 58.78
A75: Yes | B75: O922 | C75: 8/25/2/1/O922/1 | D75: مشروع استكمال شبكات مياه المرحلة التاسعة في مدينة تبوك احياء النخيل والتعاون وغرناطة | E75: منطقة تبوك | F75: 46471 | I75: منتظم | K75: تبوك | L75: 14.76
A76: Yes | B76: P898-2 | C76: 3/22/2/1/P898-2/1 | D76: مشروع إستكمال تنفيذ الخطوط الرئيسية والشبكات الفرعية لمخططات شوران ( المرحلة الثانية ) | E76: منطقة المدينة المنورة | F76: 46866 | I76: منتظم | K76: المدينة المنورة | L76: 15.46
A77: Yes | B77: O138 | C77: 3/25/2/1/O138/1 | D77: استكمال إنشاء أشياب مع ملحقاتها ومحطة تنقية للمياه في مناطق مختلفة بمحافظة الحناكية | E77: منطقة المدينة المنورة | F77: 46269 | I77: متعثر | K77: المدينة المنورة | L77: 4.94
A78: Yes | B78: P921 | C78: 3/25/2/2/P921/1 | D78: عبارة تصريف مياه الفائض لمحطة معالجة الصرف الصحي بالمدينة المنورة | E78: منطقة المدينة المنورة | F78: 46569 | I78: متأخر | K78: المدينة المنورة | L78: 14.4
A79: Yes | B79: O1003 | C79: 3/25/2/1/O1003/1 | D79: انشاء خزانين للمياه بجنوب المدينة المنورة و ملحقاتهما بسعة 250 الف م3 لكل خزان | E79: منطقة المدينة المنورة | F79: 47053 | I79: متقدم | K79: المدينة المنورة | L79: 198.87
A80: Yes | B80: O855 | C80: 3/25/2/2/O855/1 | D80: استكمال تنفيذ الخطوط الرئيسية وشبكات الصرف الصحي بأحياء شوران | E80: منطقة المدينة المنورة | F80: 46524 | I80: متعثر | K80: المدينة المنورة | L80: 11.96
A81: Yes | B81: O918 | C81: 8/25/2/2/O918/1 | D81: إنشاء شبكات الصرف الصحي بالأحياء الجنوبية بمدينة ضباء | E81: منطقة تبوك | F81: 46744 | I81: منتظم | K81: تبوك | L81: 33.34
A82: Yes | B82: NA-00197 | C82: 3/26/2/1/NA-00197/1 | D82: مشروع إيصال خدمة المياه لمرفأ الرايس بمحافظة بدر | E82: منطقة المدينة المنورة | F82: 46201 | G82: 46167 | I82: استلام ابتدائي | J82: 46194 | K82: المدينة المنورة | L82: 0.3
A83: Yes | B83: NA-00220 | C83: 3/26/2/2/NA-00220/1 | D83: مشروع إيصال خدمة الصرف الصحي لمشروع بواية سمو المطل على تقاطع طريقي الملك فيصل والملك فهد الكائن بحي المصانع بالمدينة المنورة | E83: منطقة المدينة المنورة | F83: 46487 | I83: منتظم | K83: المدينة المنورة | L83: 3.76

Sheet NWC Colors
A1: اللون | B1: HEX | C1: الاستخدام | D1: عينة
A2: Navy (أساسي) | B2: #0A2F5C | C2: العناوين والهيدر
A3: Blue | B3: #0072BC | C3: السلاسل الرئيسية
A4: Mid Blue | B4: #005EA8 | C4: سلاسل ثانوية
A5: Cyan | B5: #00A3E0 | C5: تمييز / Accent
A6: Teal | B6: #00B2A9 | C6: المكتمل
A7: Dark Grey | B7: #40566B | C7: نص
A8: Grey | B8: #7A8B99 | C8: نص ثانوي / غير منطبق
A9: Light Grey | B9: #D5DDE5 | C9: حدود / لاحقة
A10: Canvas | B10: #F2F5F8 | C10: خلفية اللوحة
A11: Red (حالة) | B11: #D13438 | C11: متأخر
A12: Amber (حالة) | B12: #FFB900 | C12: خلال أسبوعين
A13: Green (حالة) | B13: #107C10 | C13: في الموعد

Sheet Dashboard Calc
A1: حسابات لوحة المتابعة — مربوطة بجدول GateFacts (مصدره Projects (2)) وتتأثر بالفلاتر | R1: قائمة مستحقات الشهر الحالي (كل البوابات التي تاريخها داخل الشهر) | Y1: مشاريع البوابة المختارة في الفلتر (غير مكتملة) مرتبة حسب البوابة ثم الأيام المتبقية | AI1: حسابات شيت Dashboard (مربوطة بجدول GateFacts / Projects (2))
A2: المؤشر | B2: القيمة | D2: رقم | E2: البوابة | F2: مكتملة | G2: الحالية (جارية) | H2: لاحقة | I2: لا ينطبق | J2: قيمة المشاريع الحالية (مليون ريال) | L2: حالة التنبيه | M2: العدد | O2: حالة الطرح | P2: العدد | R2: Updated SN | S2: اسم المشروع | T2: المنطقة | U2: البوابة | V2: التاريخ | W2: الأيام المتبقية | Y2: Updated SN | Z2: اسم المشروع | AA2: المنطقة | AB2: البوابة الحالية | AC2: تاريخ البوابة | AD2: الأيام المتبقية | AE2: حالة التنبيه | AF2: التكلفة | AI2: القطاع | AJ2: الشمالي الغربي
A3: عدد المشاريع | B3: =COUNTIFS(GateFacts[رقم البوابة],1,GateFacts[ظاهر],1) -> 0 | D3: 1 | E3: =INDEX(GateFacts[البوابة],MATCH(D3,GateFacts[رقم البوابة],0))&" - "&INDEX(GateFacts[اسم البوابة],MATCH(D3,GateFacts[رقم البوابة],0)) -> بوابة 1 - تخطيط استراتيجي | F3: =COUNTIFS(GateFacts[رقم البوابة],D3,GateFacts[ظاهر],1,GateFacts[الحالة],"مكتمل") -> 0 | G3: =COUNTIFS(GateFacts[IsCurrentGate],1,GateFacts[ظاهر],1,GateFacts[رقم البوابة],D3) -> 0 | H3: =$B$3-F3-G3-I3 -> 0 | I3: =COUNTIFS(GateFacts[رقم البوابة],D3,GateFacts[ظاهر],1,GateFacts[الحالة],"لا ينطبق") -> 0 | J3: =SUMIFS(GateFacts[التكلفة],GateFacts[IsCurrentGate],1,GateFacts[ظاهر],1,GateFacts[رقم البوابة],D3)/1000000 -> 0 | L3: =A6 -> متأخر / مستحق اليوم | M3: =B6 -> 0 | O3: {=_xlfn.LET(_xlpm.s,_xlfn._xlws.FILTER(GateFacts[حالة الطرح],(GateFacts[رقم البوابة]=1)*(GateFacts[ظاهر]=1)*(GateFacts[حالة الطرح]<>""),""),_xlpm.u,_xlfn.UNIQUE(_xlpm.s),_xlpm.c,_xlfn.MAP(_xlpm.u,_xlfn.LAMBDA(_xlpm.x,SUM(--(_xlpm.s=_xlpm.x)))),_xlpm.t,_xlfn.TAKE(_xlfn.SORTBY(_xlfn.HSTACK(_xlpm.u,_xlpm.c),_xlpm.c,-1),8),_xlfn.EXPAND(_xlpm.t,8,2,""))} -> #REF! | R3: {=_xlfn.LET(_xlpm.ok,(ISNUMBER(GateFacts[تاريخ البوابة]))*(GateFacts[تاريخ البوابة]>=$B$12)*(GateFacts[تاريخ البوابة]<=$B$13)*(GateFacts[ظاهر]=1),IF(SUM(_xlpm.ok)=0,"لا توجد مستحقات هذا الشهر",_xlfn.SORTBY(_xlfn._xlws.FILTER(_xlfn.HSTACK(GateFacts[SN],GateFacts[اسم المشروع],GateFacts[المنطقة],GateFacts[البوابة],GateFacts[تاريخ البوابة],GateFacts[الأيام المتبقية]),_xlpm.ok),_xlfn._xlws.FILTER(GateFacts[تاريخ البوابة],_xlpm.ok),1)))} -> #REF! | Y3: {=_xlfn.LET(_xlpm.ok,(GateFacts[IsCurrentGate]=1)*(GateFacts[ظاهر]=1)*(GateFacts[البوابة الحالية للمشروع]<9),IF(SUM(_xlpm.ok)=0,"لا توجد مشاريع",_xlfn.SORTBY(_xlfn._xlws.FILTER(_xlfn.HSTACK(GateFacts[SN],GateFacts[اسم المشروع],GateFacts[المنطقة],GateFacts[البوابة],GateFacts[تاريخ البوابة],GateFacts[الأيام المتبقية],GateFacts[الحالة],GateFacts[التكلفة]),_xlpm.ok),_xlfn._xlws.FILTER(GateFacts[رقم البوابة],_xlpm.ok),1)))} -> #REF! | AL3: رقم | AM3: البوابة | AN3: جاري (البوابة الحالية) | AO3: مقبول / ناجح | AP3: مقبول بشروط | AR3: حالة العقد | AS3: عدد | AU3: حالة العقد (مرتبة) | AV3: عدد
A4: إجمالي القيمة (ريال) | B4: =SUMIFS(GateFacts[التكلفة],GateFacts[رقم البوابة],1,GateFacts[ظاهر],1) -> 0 | D4: 2 | E4: =INDEX(GateFacts[البوابة],MATCH(D4,GateFacts[رقم البوابة],0))&" - "&INDEX(GateFacts[اسم البوابة],MATCH(D4,GateFacts[رقم البوابة],0)) -> بوابة 2 - التخطيط الاولي | F4: =COUNTIFS(GateFacts[رقم البوابة],D4,GateFacts[ظاهر],1,GateFacts[الحالة],"مكتمل") -> 0 | G4: =COUNTIFS(GateFacts[IsCurrentGate],1,GateFacts[ظاهر],1,GateFacts[رقم البوابة],D4) -> 0 | H4: =$B$3-F4-G4-I4 -> 0 | I4: =COUNTIFS(GateFacts[رقم البوابة],D4,GateFacts[ظاهر],1,GateFacts[الحالة],"لا ينطبق") -> 0 | J4: =SUMIFS(GateFacts[التكلفة],GateFacts[IsCurrentGate],1,GateFacts[ظاهر],1,GateFacts[رقم البوابة],D4)/1000000 -> 0 | L4: =A7 -> خلال أسبوعين | M4: =B7 -> 0 | AI4: عدد المشاريع | AJ4: =COUNTIFS(Table15[القطاع],$AJ$2) -> 130 | AL4: 1 | AM4: {=SUBSTITUTE(INDEX(Table15[#Headers],9-AL4),CHAR(10)," - ")} -> بوابة 1 - تخطيط استراتيجي | AN4: =COUNTIFS(GateFacts[IsCurrentGate],1,GateFacts[ظاهر],1,GateFacts[القطاع],$AJ$2,GateFacts[رقم البوابة],AL4) -> 0 | AO4: {=SUMPRODUCT((Table15[القطاع]=$AJ$2)*(INDEX(Table15[],0,9-AL4)="مكتمل"))} -> 103 | AP4: {=SUMPRODUCT((Table15[القطاع]=$AJ$2)*(INDEX(Table15[],0,9-AL4)="مكتمل بشروط"))} -> 0 | AR4: غير محدد | AU4: {=_xlfn.SORTBY(AR4:AS14,AS4:AS14,-1)} -> غير محدد | AV4: 0
A5: مكتملة كل البوابات | B5: =COUNTIFS(GateFacts[رقم البوابة],1,GateFacts[ظاهر],1,GateFacts[البوابة الحالية للمشروع],9) -> 0 | D5: 3 | E5: =INDEX(GateFacts[البوابة],MATCH(D5,GateFacts[رقم البوابة],0))&" - "&INDEX(GateFacts[اسم البوابة],MATCH(D5,GateFacts[رقم البوابة],0)) -> بوابة 3 - الطرح للتصميم | F5: =COUNTIFS(GateFacts[رقم البوابة],D5,GateFacts[ظاهر],1,GateFacts[الحالة],"مكتمل") -> 0 | G5: =COUNTIFS(GateFacts[IsCurrentGate],1,GateFacts[ظاهر],1,GateFacts[رقم البوابة],D5) -> 0 | H5: =$B$3-F5-G5-I5 -> 0 | I5: =COUNTIFS(GateFacts[رقم البوابة],D5,GateFacts[ظاهر],1,GateFacts[الحالة],"لا ينطبق") -> 0 | J5: =SUMIFS(GateFacts[التكلفة],GateFacts[IsCurrentGate],1,GateFacts[ظاهر],1,GateFacts[رقم البوابة],D5)/1000000 -> 0 | L5: =A8 -> جاري | M5: =B8 -> 0 | AI5: إجمالي القيمة (ريال) | AJ5: =SUMIFS(Table15[التكلفة شاملة الضريبة],Table15[القطاع],$AJ$2) -> 8.2530192e+09 | AL5: 2 | AM5: {=SUBSTITUTE(INDEX(Table15[#Headers],9-AL5),CHAR(10)," - ")} -> بوابة 2 - التخطيط الاولي | AN5: =COUNTIFS(GateFacts[IsCurrentGate],1,GateFacts[ظاهر],1,GateFacts[القطاع],$AJ$2,GateFacts[رقم البوابة],AL5) -> 0 | AO5: {=SUMPRODUCT((Table15[القطاع]=$AJ$2)*(INDEX(Table15[],0,9-AL5)="مكتمل"))} -> 103 | AP5: {=SUMPRODUCT((Table15[القطاع]=$AJ$2)*(INDEX(Table15[],0,9-AL5)="مكتمل بشروط"))} -> 0 | AR5: متقدم | AU5: متقدم | AV5: 0
A6: متأخر / مستحق اليوم | B6: =COUNTIFS(GateFacts[IsCurrentGate],1,GateFacts[ظاهر],1,GateFacts[الحالة],Settings!$Q$3) -> 0 | D6: 4 | E6: =INDEX(GateFacts[البوابة],MATCH(D6,GateFacts[رقم البوابة],0))&" - "&INDEX(GateFacts[اسم البوابة],MATCH(D6,GateFacts[رقم البوابة],0)) -> بوابة 4 - التصميم | F6: =COUNTIFS(GateFacts[رقم البوابة],D6,GateFacts[ظاهر],1,GateFacts[الحالة],"مكتمل") -> 0 | G6: =COUNTIFS(GateFacts[IsCurrentGate],1,GateFacts[ظاهر],1,GateFacts[رقم البوابة],D6) -> 0 | H6: =$B$3-F6-G6-I6 -> 0 | I6: =COUNTIFS(GateFacts[رقم البوابة],D6,GateFacts[ظاهر],1,GateFacts[الحالة],"لا ينطبق") -> 0 | J6: =SUMIFS(GateFacts[التكلفة],GateFacts[IsCurrentGate],1,GateFacts[ظاهر],1,GateFacts[رقم البوابة],D6)/1000000 -> 0 | L6: =A9 -> بدون حالة | M6: =B9 -> 0 | AI6: الجارية في البوابات | AJ6: =AJ7+AJ8 -> 120 | AL6: 3 | AM6: {=SUBSTITUTE(INDEX(Table15[#Headers],9-AL6),CHAR(10)," - ")} -> بوابة 3 - الطرح للتصميم | AN6: =COUNTIFS(GateFacts[IsCurrentGate],1,GateFacts[ظاهر],1,GateFacts[القطاع],$AJ$2,GateFacts[رقم البوابة],AL6) -> 0 | AO6: {=SUMPRODUCT((Table15[القطاع]=$AJ$2)*(INDEX(Table15[],0,9-AL6)="مكتمل"))} -> 28 | AP6: {=SUMPRODUCT((Table15[القطاع]=$AJ$2)*(INDEX(Table15[],0,9-AL6)="مكتمل بشروط"))} -> 0 | AR6: منتظم | AU6: منتظم | AV6: 0
A7: خلال أسبوعين | B7: =COUNTIFS(GateFacts[IsCurrentGate],1,GateFacts[ظاهر],1,GateFacts[الحالة],Settings!$Q$4) -> 0 | D7: 5 | E7: =INDEX(GateFacts[البوابة],MATCH(D7,GateFacts[رقم البوابة],0))&" - "&INDEX(GateFacts[اسم البوابة],MATCH(D7,GateFacts[رقم البوابة],0)) -> بوابة 5 - الطرح للتنفيذ | F7: =COUNTIFS(GateFacts[رقم البوابة],D7,GateFacts[ظاهر],1,GateFacts[الحالة],"مكتمل") -> 0 | G7: =COUNTIFS(GateFacts[IsCurrentGate],1,GateFacts[ظاهر],1,GateFacts[رقم البوابة],D7) -> 0 | H7: =$B$3-F7-G7-I7 -> 0 | I7: =COUNTIFS(GateFacts[رقم البوابة],D7,GateFacts[ظاهر],1,GateFacts[الحالة],"لا ينطبق") -> 0 | J7: =SUMIFS(GateFacts[التكلفة],GateFacts[IsCurrentGate],1,GateFacts[ظاهر],1,GateFacts[رقم البوابة],D7)/1000000 -> 0 | AI7: مسار جزئي | AJ7: =COUNTIFS(Table15[القطاع],$AJ$2,Table15[مسار بوابة المراحل],"*جزئي*") -> 92 | AL7: 4 | AM7: {=SUBSTITUTE(INDEX(Table15[#Headers],9-AL7),CHAR(10)," - ")} -> بوابة 4 - التصميم | AN7: =COUNTIFS(GateFacts[IsCurrentGate],1,GateFacts[ظاهر],1,GateFacts[القطاع],$AJ$2,GateFacts[رقم البوابة],AL7) -> 0 | AO7: {=SUMPRODUCT((Table15[القطاع]=$AJ$2)*(INDEX(Table15[],0,9-AL7)="مكتمل"))} -> 95 | AP7: {=SUMPRODUCT((Table15[القطاع]=$AJ$2)*(INDEX(Table15[],0,9-AL7)="مكتمل بشروط"))} -> 0 | AR7: استلام ابتدائي | AU7: استلام ابتدائي | AV7: 0
A8: جاري | B8: =COUNTIFS(GateFacts[IsCurrentGate],1,GateFacts[ظاهر],1,GateFacts[الحالة],"جاري") -> 0 | D8: 6 | E8: =INDEX(GateFacts[البوابة],MATCH(D8,GateFacts[رقم البوابة],0))&" - "&INDEX(GateFacts[اسم البوابة],MATCH(D8,GateFacts[رقم البوابة],0)) -> بوابة 6 - التنفيذ | F8: =COUNTIFS(GateFacts[رقم البوابة],D8,GateFacts[ظاهر],1,GateFacts[الحالة],"مكتمل") -> 0 | G8: =COUNTIFS(GateFacts[IsCurrentGate],1,GateFacts[ظاهر],1,GateFacts[رقم البوابة],D8) -> 0 | H8: =$B$3-F8-G8-I8 -> 0 | I8: =COUNTIFS(GateFacts[رقم البوابة],D8,GateFacts[ظاهر],1,GateFacts[الحالة],"لا ينطبق") -> 0 | J8: =SUMIFS(GateFacts[التكلفة],GateFacts[IsCurrentGate],1,GateFacts[ظاهر],1,GateFacts[رقم البوابة],D8)/1000000 -> 0 | AI8: مسار كامل | AJ8: =COUNTIFS(Table15[القطاع],$AJ$2,Table15[مسار بوابة المراحل],"*كامل*") -> 28 | AL8: 5 | AM8: {=SUBSTITUTE(INDEX(Table15[#Headers],9-AL8),CHAR(10)," - ")} -> بوابة 5 - الطرح للتنفيذ | AN8: =COUNTIFS(GateFacts[IsCurrentGate],1,GateFacts[ظاهر],1,GateFacts[القطاع],$AJ$2,GateFacts[رقم البوابة],AL8) -> 0 | AO8: {=SUMPRODUCT((Table15[القطاع]=$AJ$2)*(INDEX(Table15[],0,9-AL8)="مكتمل"))} -> 77 | AP8: {=SUMPRODUCT((Table15[القطاع]=$AJ$2)*(INDEX(Table15[],0,9-AL8)="مكتمل بشروط"))} -> 0 | AR8: استشاري | AU8: استشاري | AV8: 0
A9: بدون حالة | B9: =B3-B5-B6-B7-B8 -> 0 | D9: 7 | E9: =INDEX(GateFacts[البوابة],MATCH(D9,GateFacts[رقم البوابة],0))&" - "&INDEX(GateFacts[اسم البوابة],MATCH(D9,GateFacts[رقم البوابة],0)) -> بوابة 7 - الاختبارات التشغيلية | F9: =COUNTIFS(GateFacts[رقم البوابة],D9,GateFacts[ظاهر],1,GateFacts[الحالة],"مكتمل") -> 0 | G9: =COUNTIFS(GateFacts[IsCurrentGate],1,GateFacts[ظاهر],1,GateFacts[رقم البوابة],D9) -> 0 | H9: =$B$3-F9-G9-I9 -> 0 | I9: =COUNTIFS(GateFacts[رقم البوابة],D9,GateFacts[ظاهر],1,GateFacts[الحالة],"لا ينطبق") -> 0 | J9: =SUMIFS(GateFacts[التكلفة],GateFacts[IsCurrentGate],1,GateFacts[ظاهر],1,GateFacts[رقم البوابة],D9)/1000000 -> 0 | AI9: المستبعدة من بوابة المراحل | AJ9: =COUNTIFS(Table15[القطاع],$AJ$2,Table15[السبب للاستبعاد],"<>") -> 10 | AL9: 6 | AM9: {=SUBSTITUTE(INDEX(Table15[#Headers],9-AL9),CHAR(10)," - ")} -> بوابة 6 - التنفيذ | AN9: =COUNTIFS(GateFacts[IsCurrentGate],1,GateFacts[ظاهر],1,GateFacts[القطاع],$AJ$2,GateFacts[رقم البوابة],AL9) -> 0 | AO9: {=SUMPRODUCT((Table15[القطاع]=$AJ$2)*(INDEX(Table15[],0,9-AL9)="مكتمل"))} -> 10 | AP9: {=SUMPRODUCT((Table15[القطاع]=$AJ$2)*(INDEX(Table15[],0,9-AL9)="مكتمل بشروط"))} -> 0 | AR9: متأخر | AU9: متأخر | AV9: 0
A10: مستحقات هذا الشهر (بوابات) | B10: =COUNTIFS(GateFacts[ظاهر],1,GateFacts[تاريخ البوابة],">="&B12,GateFacts[تاريخ البوابة],"<="&B13) -> 0 | D10: 8 | E10: =INDEX(GateFacts[البوابة],MATCH(D10,GateFacts[رقم البوابة],0))&" - "&INDEX(GateFacts[اسم البوابة],MATCH(D10,GateFacts[رقم البوابة],0)) -> بوابة 8 - التسليم و الاغلاق | F10: =COUNTIFS(GateFacts[رقم البوابة],D10,GateFacts[ظاهر],1,GateFacts[الحالة],"مكتمل") -> 0 | G10: =COUNTIFS(GateFacts[IsCurrentGate],1,GateFacts[ظاهر],1,GateFacts[رقم البوابة],D10) -> 0 | H10: =$B$3-F10-G10-I10 -> 0 | I10: =COUNTIFS(GateFacts[رقم البوابة],D10,GateFacts[ظاهر],1,GateFacts[الحالة],"لا ينطبق") -> 0 | J10: =SUMIFS(GateFacts[التكلفة],GateFacts[IsCurrentGate],1,GateFacts[ظاهر],1,GateFacts[رقم البوابة],D10)/1000000 -> 0 | AI10: DBB | AJ10: =COUNTIFS(Table15[القطاع],$AJ$2,Table15[D&B vs DBB],"DBB") -> 117 | AL10: 7 | AM10: {=SUBSTITUTE(INDEX(Table15[#Headers],9-AL10),CHAR(10)," - ")} -> بوابة 7 - الاختبارات التشغيلية | AN10: =COUNTIFS(GateFacts[IsCurrentGate],1,GateFacts[ظاهر],1,GateFacts[القطاع],$AJ$2,GateFacts[رقم البوابة],AL10) -> 0 | AO10: {=SUMPRODUCT((Table15[القطاع]=$AJ$2)*(INDEX(Table15[],0,9-AL10)="مكتمل"))} -> 10 | AP10: {=SUMPRODUCT((Table15[القطاع]=$AJ$2)*(INDEX(Table15[],0,9-AL10)="مكتمل بشروط"))} -> 0 | AR10: مسحوب | AU10: مسحوب | AV10: 0
A11: اليوم | B11: =TODAY() -> 46309 | AI11: D&B | AJ11: =COUNTIFS(Table15[القطاع],$AJ$2,Table15[D&B vs DBB],"D&B") -> 3 | AL11: 8 | AM11: {=SUBSTITUTE(INDEX(Table15[#Headers],9-AL11),CHAR(10)," - ")} -> بوابة 8 - التسليم و الاغلاق | AN11: =COUNTIFS(GateFacts[IsCurrentGate],1,GateFacts[ظاهر],1,GateFacts[القطاع],$AJ$2,GateFacts[رقم البوابة],AL11) -> 0 | AO11: {=SUMPRODUCT((Table15[القطاع]=$AJ$2)*(INDEX(Table15[],0,9-AL11)="مكتمل"))} -> 0 | AP11: {=SUMPRODUCT((Table15[القطاع]=$AJ$2)*(INDEX(Table15[],0,9-AL11)="مكتمل بشروط"))} -> 0 | AR11: متعثر | AU11: متعثر | AV11: 0
A12: بداية الشهر | B12: =EOMONTH(B11,-1)+1 -> 46296 | AI12: مستبعد: المشروع منجز | AJ12: =COUNTIFS(Table15[القطاع],$AJ$2,Table15[السبب للاستبعاد],"المشروع منجز") -> 4 | AR12: ايقاف كلي | AU12: ايقاف كلي | AV12: 0
A13: نهاية الشهر | B13: =EOMONTH(B11,0) -> 46326 | AI13: مستبعد: عقد استشاري | AJ13: =COUNTIFS(Table15[القطاع],$AJ$2,Table15[السبب للاستبعاد],"عقد استشاري") -> 6 | AR13: مسحوب (مهلة) | AU13: مسحوب (مهلة) | AV13: 0
A14: اسم الشهر | B14: =CHOOSE(MONTH(B11),"يناير","فبراير","مارس","أبريل","مايو","يونيو","يوليو","أغسطس","سبتمبر","أكتوبر","نوفمبر","ديسمبر")&" "&YEAR(B11) -> أكتوبر 2026 | AI14: % مسار جزئي | AJ14: =IFERROR(AJ7/AJ4,0) -> 0.70769231 | AR14: مكتمل التنفيذ | AU14: مكتمل التنفيذ | AV14: 0
A15: القطاع (ثابت) | B15: الشمالي الغربي | AI15: % مسار كامل | AJ15: =IFERROR(AJ8/AJ4,0) -> 0.21538462
A16: حد التنبيه (أيام) | B16: 14 | AI16: البوابة المختارة في الفلتر | AJ16: {=IFERROR(_xlfn.TEXTJOIN("، ",,_xlfn.UNIQUE(_xlfn._xlws.FILTER(GateFacts[البوابة],(GateFacts[IsCurrentGate]=1)*(GateFacts[القطاع]=$AJ$2)))),"-")} -> بوابة 5، بوابة 4، بوابة 1، بوابة 6، بوابة 8

Sheet Settings
A1: الإعداد | B1: القيمة | D1: رقم البوابة | E1: اسم البوابة | F1: عمود المصدر في Table1 | H1: صفوف القطاع في Table1 | I1: عدد المشاريع | J1: صفوف GateFacts المطلوبة | L1: Calendar - التاريخ | M1: السنة | N1: الشهر | O1: السنة-الشهر | Q1: الحالة | R1: اللون | S1: ملاحظة | U1: قائمة الأشهر (للفلتر) | V1: قائمة البوابات (للفلتر) | W1: قائمة المناطق (للفلتر) | X1: قائمة السنوات (للفلتر) | Y1: أشهر السنة المختارة (للفلتر)
A2: القطاع | B2: الشمالي الغربي | D2: 1 | E2: تخطيط استراتيجي | F2: H | H2: {=_xlfn._xlws.FILTER(_xlfn.SEQUENCE(ROWS(Table15[])),TRIM(Table15[القطاع])=Sector,"")} -> 198 | I2: =COUNT(_xlfn.ANCHORARRAY(H2)) -> 130 | J2: =I2*8 -> 1040 | L2: {=_xlfn.LET(_xlpm.g,INDEX(Table15[],0,1):INDEX(Table15[],0,8),_xlpm.d,IF(ISNUMBER(_xlpm.g),_xlpm.g,""),_xlpm.a,DATE(YEAR(MIN(TODAY(),MIN(_xlpm.d))),1,1),_xlpm.b,DATE(YEAR(MAX(TODAY(),MAX(_xlpm.d))),12,31),_xlfn.SEQUENCE(_xlpm.b-_xlpm.a+1,1,_xlpm.a))} -> 1 | M2: {=YEAR(_xlfn.ANCHORARRAY(L2))} -> 1900 | N2: {=MONTH(_xlfn.ANCHORARRAY(L2))} -> 1 | O2: {=TEXT(_xlfn.ANCHORARRAY(L2),"yyyy-mm")} -> 1900-01 | Q2: مكتمل | R2: #00B2A9 | S2: مكتمل / مكتمل بشروط | U2: {=_xlfn.VSTACK("الكل",_xlfn._xlws.SORT(_xlfn.UNIQUE(_xlfn._xlws.FILTER(GateFacts[شهر البوابة],GateFacts[شهر البوابة]<>"بدون تاريخ"))))} -> الكل | V2: {=_xlfn.VSTACK("الكل","بوابة "&_xlfn.SEQUENCE(8))} -> الكل | W2: {=_xlfn.VSTACK("الكل",_xlfn._xlws.SORT(_xlfn.UNIQUE(_xlfn._xlws.FILTER(GateFacts[المنطقة],GateFacts[المنطقة]<>""))))} -> الكل | X2: {=_xlfn.VSTACK("الكل",--_xlfn.UNIQUE(LEFT(_xlfn.DROP(_xlfn.ANCHORARRAY(U2),1),4)))} -> الكل | Y2: {=_xlfn.LET(_xlpm.m,_xlfn.DROP(_xlfn.ANCHORARRAY(U2),1),_xlpm.y,SelYear&"",_xlfn.VSTACK("الكل",IF(_xlpm.y="الكل",_xlpm.m,_xlfn._xlws.FILTER(_xlpm.m,LEFT(_xlpm.m,4)=_xlpm.y,"لا توجد أشهر"))))} -> #REF!
A3: أيام التنبيه | B3: 14 | D3: 2 | E3: التخطيط الاولي | F3: G | H3: 199 | L3: 2 | M3: 1900 | N3: 1 | O3: 1900-01 | Q3: متأخر | R3: #C0392B | S3: وصل موعدها اليوم أو تجاوزته وغير مكتملة | U3: 2023-07 | V3: بوابة 1 | W3: المدينة المنورة | X3: 2023
A4: شهر الملخص (من فلتر اللوحة) | B4: =IF(LEN(PeriodSel)<>7,DATE(YEAR(TODAY()),MONTH(TODAY()),1),DATEVALUE(PeriodSel&"-01")) -> #REF! | D4: 3 | E4: الطرح للتصميم | F4: F | H4: 200 | L4: 3 | M4: 1900 | N4: 1 | O4: 1900-01 | Q4: خلال أسبوعين | R4: #F4B400 | S4: خلال 14 يوماً قبل الموعد | U4: 2026-01 | V4: بوابة 2 | W4: تبوك | X4: 2026
A5: اسم الشهر | B5: =IF(AND(PeriodSel<>"الكل",LEN(PeriodSel)=4),"سنة "&PeriodSel,CHOOSE(MONTH(B4),"يناير","فبراير","مارس","أبريل","مايو","يونيو","يوليو","أغسطس","سبتمبر","أكتوبر","نوفمبر","ديسمبر")&" "&YEAR(B4)) -> #REF! | D5: 4 | E5: التصميم | F5: E | H5: 201 | L5: 4 | M5: 1900 | N5: 1 | O5: 1900-01 | Q5: في الموعد | R5: #0072BC | S5: بعد فترة التنبيه | U5: 2026-02 | V5: بوابة 3 | X5: 2027
A6: معيار الشهر | B6: =IF(PeriodSel="الكل","*",PeriodSel&"*") -> #REF! | D6: 5 | E6: الطرح للتنفيذ | F6: D | H6: 202 | L6: 5 | M6: 1900 | N6: 1 | O6: 1900-01 | Q6: بدون تاريخ | R6: #D5DDE5 | S6: جاري أو فارغة وغير مكتملة | U6: 2026-03 | V6: بوابة 4 | X6: 2028
A7: السنة المختارة | B7: {=SelYear&""} -> #REF! | D7: 6 | E7: التنفيذ | F7: C | H7: 203 | L7: 6 | M7: 1900 | N7: 1 | O7: 1900-01 | Q7: لا ينطبق | R7: #7A8B99 | S7: مستبعد من النسب | U7: 2026-04 | V7: بوابة 5 | X7: 2029
A8: الفترة الفعلية (سنة/شهر) | B8: =IF(AND(SelMonth&""<>"الكل",OR(B7="الكل",LEFT(SelMonth&"",4)=B7)),SelMonth&"",B7) -> #REF! | D8: 7 | E8: الاختبارات التشغيلية | F8: B | H8: 204 | L8: 7 | M8: 1900 | N8: 1 | O8: 1900-01 | U8: 2026-05 | V8: بوابة 6 | X8: 2030
D9: 8 | E9: التسليم و الاغلاق | F9: A | H9: 205 | L9: 8 | M9: 1900 | N9: 1 | O9: 1900-01 | U9: 2026-06 | V9: بوابة 7 | X9: 2031
H10: 206 | L10: 9 | M10: 1900 | N10: 1 | O10: 1900-01 | U10: 2026-07 | V10: بوابة 8
H11: 207 | L11: 10 | M11: 1900 | N11: 1 | O11: 1900-01 | U11: 2026-08
H12: 208 | L12: 11 | M12: 1900 | N12: 1 | O12: 1900-01 | U12: 2026-09
H13: 209 | L13: 12 | M13: 1900 | N13: 1 | O13: 1900-01 | U13: 2026-10
H14: 210 | L14: 13 | M14: 1900 | N14: 1 | O14: 1900-01 | U14: 2026-12
H15: 211 | L15: 14 | M15: 1900 | N15: 1 | O15: 1900-01 | U15: 2027-01
H16: 212 | L16: 15 | M16: 1900 | N16: 1 | O16: 1900-01 | U16: 2027-02
H17: 213 | L17: 16 | M17: 1900 | N17: 1 | O17: 1900-01 | U17: 2027-03
H18: 214 | L18: 17 | M18: 1900 | N18: 1 | O18: 1900-01 | U18: 2027-04
H19: 215 | L19: 18 | M19: 1900 | N19: 1 | O19: 1900-01 | U19: 2027-05
H20: 216 | L20: 19 | M20: 1900 | N20: 1 | O20: 1900-01 | U20: 2027-07
H21: 217 | L21: 20 | M21: 1900 | N21: 1 | O21: 1900-01 | U21: 2027-08
H22: 218 | L22: 21 | M22: 1900 | N22: 1 | O22: 1900-01 | U22: 2027-09
... H63: 586 | L63: 62 | M63: 1900 | N63: 3 | O63: 1900-03 | U63: 2031-07
H64: 599 | L64: 63 | M64: 1900 | N64: 3 | O64: 1900-03
H65: 609 | L65: 64 | M65: 1900 | N65: 3 | O65: 1900-03
H66: 612 | L66: 65 | M66: 1900 | N66: 3 | O66: 1900-03
H67: 614 | L67: 66 | M67: 1900 | N67: 3 | O67: 1900-03
H68: 615 | L68: 67 | M68: 1900 | N68: 3 | O68: 1900-03
H69: 620 | L69: 68 | M69: 1900 | N69: 3 | O69: 1900-03
H70: 632 | L70: 69 | M70: 1900 | N70: 3 | O70: 1900-03
H71: 633 | L71: 70 | M71: 1900 | N71: 3 | O71: 1900-03
H72: 650 | L72: 71 | M72: 1900 | N72: 3 | O72: 1900-03
H73: 654 | L73: 72 | M73: 1900 | N73: 3 | O73: 1900-03
H74: 655 | L74: 73 | M74: 1900 | N74: 3 | O74: 1900-03
H75: 657 | L75: 74 | M75: 1900 | N75: 3 | O75: 1900-03
... H131: 1058 | L131: 130 | M131: 1900 | N131: 5 | O131: 1900-05
L132: 131 | M132: 1900 | N132: 5 | O132: 1900-05
L133: 132 | M133: 1900 | N133: 5 | O133: 1900-05
L134: 133 | M134: 1900 | N134: 5 | O134: 1900-05
L135: 134 | M135: 1900 | N135: 5 | O135: 1900-05
L136: 135 | M136: 1900 | N136: 5 | O136: 1900-05
L137: 136 | M137: 1900 | N137: 5 | O137: 1900-05
L138: 137 | M138: 1900 | N138: 5 | O138: 1900-05
L139: 138 | M139: 1900 | N139: 5 | O139: 1900-05
L140: 139 | M140: 1900 | N140: 5 | O140: 1900-05
L141: 140 | M141: 1900 | N141: 5 | O141: 1900-05
L142: 141 | M142: 1900 | N142: 5 | O142: 1900-05
L143: 142 | M143: 1900 | N143: 5 | O143: 1900-05
... L46388: 46387 | M46388: 2026 | N46388: 12 | O46388: 2026-12

Sheet GateFacts
A1: م | B1: رقم المشروع | C1: رقم البوابة | D1: صف المصدر | E1: SN | F1: اسم المشروع | G1: المنطقة | H1: التكلفة | I1: حالة الطرح | J1: البوابة | K1: اسم البوابة | L1: القيمة الأصلية | M1: القيمة الموحدة | N1: تاريخ البوابة | O1: الحالة | P1: الأيام المتبقية | Q1: شهر البوابة | R1: منجزة | S1: البوابة الحالية للمشروع | T1: IsCurrentGate | U1: خلل التسلسل | V1: ظاهر | W1: القطاع
A2: {=ROW()-ROW(GateFacts[#Headers])} -> 1 | B2: =INT((GateFacts[[#This Row],[م]]-1)/8)+1 -> 1 | C2: =MOD(GateFacts[[#This Row],[م]]-1,8)+1 -> 1 | D2: {=IFERROR(INDEX(_xlfn.ANCHORARRAY(Settings!$H$2),GateFacts[[#This Row],[رقم المشروع]]),"")} -> 198 | E2: {=INDEX(Table15[],GateFacts[[#This Row],[صف المصدر]],14)&""} -> P858-1 | F2: {=INDEX(Table15[],GateFacts[[#This Row],[صف المصدر]],15)&""} -> تنفيذ شبكات الصرف الصحي في وسط الحناكية | G2: {=INDEX(Table15[],GateFacts[[#This Row],[صف المصدر]],17)&""} -> المدينة المنورة | H2: =N(INDEX(Table15[],GateFacts[[#This Row],[صف المصدر]],18)) -> 88550000 | I2: {=_xlfn.LET(_xlpm.x,TRIM(INDEX(Table15[],GateFacts[[#This Row],[صف المصدر]],22)&""),IF(_xlpm.x="","غير محدد",_xlpm.x))} -> تعزيز التكاليف | J2: ="بوابة "&GateFacts[[#This Row],[رقم البوابة]] -> بوابة 1 | K2: {=INDEX(Settings!$E$2:$E$9,GateFacts[[#This Row],[رقم البوابة]])} -> تخطيط استراتيجي | L2: {=_xlfn.LET(_xlpm.c,INDEX(Table15[],GateFacts[[#This Row],[صف المصدر]],9-GateFacts[[#This Row],[رقم البوابة]]),IF(ISBLANK(_xlpm.c),"",_xlpm.c))} -> مكتمل | M2: =_xlfn.LET(_xlpm.v,GateFacts[[#This Row],[القيمة الأصلية]],_xlpm.x,TRIM(_xlpm.v&""),IF(ISNUMBER(_xlpm.v),"تاريخ",IF(OR(_xlpm.x="N/A",_xlpm.x="NA",_xlpm.x="لا ينطبق"),"لا ينطبق",IF(OR(_xlpm.x="مكتمل",_xlpm.x="مكتمل بشروط",_xlpm.x="جاري"),_xlpm.x,IF(_xlpm.x="","فارغ","غير معروف"))))) -> مكتمل | N2: {=_xlfn.LET(_xlpm.r,GateFacts[[#This Row],[صف المصدر]],_xlpm.g,GateFacts[[#This Row],[رقم البوابة]],_xlpm.pd,IF(AND(ISNUMBER(_xlpm.r),_xlpm.g>=6,_xlpm.g<=8),INDEX(Table15[],_xlpm.r,19+_xlpm.g),""),IF(ISNUMBER(_xlpm.pd),_xlpm.pd,""))} | O2: =_xlfn.LET(_xlpm.m,GateFacts[[#This Row],[القيمة الموحدة]],_xlpm.d,GateFacts[[#This Row],[تاريخ البوابة]],IF(OR(_xlpm.m="مكتمل",_xlpm.m="مكتمل بشروط"),Settings!$Q$2,IF(_xlpm.m="لا ينطبق",Settings!$Q$7,IF(AND(ISNUMBER(_xlpm.d),_xlpm.d<=TODAY()),Settings!$Q$3,IF(AND(ISNUMBER(_xlpm.d),_xlpm.d<=TODAY()+AlertDays),Settings!$Q$4,IF(_xlpm.m="جاري","جاري","")))))) -> مكتمل | P2: =IF(ISNUMBER(GateFacts[[#This Row],[تاريخ البوابة]]),GateFacts[[#This Row],[تاريخ البوابة]]-TODAY(),"") | Q2: =IF(ISNUMBER(GateFacts[[#This Row],[تاريخ البوابة]]),TEXT(GateFacts[[#This Row],[تاريخ البوابة]],"yyyy-mm"),"بدون تاريخ") -> بدون تاريخ | R2: =--OR(GateFacts[[#This Row],[الحالة]]="مكتمل",GateFacts[[#This Row],[الحالة]]="لا ينطبق") -> 1 | S2: =_xlfn.LET(_xlpm.m,_xlfn.MINIFS(GateFacts[رقم البوابة],GateFacts[رقم المشروع],GateFacts[[#This Row],[رقم المشروع]],GateFacts[منجزة],0),IF(_xlpm.m=0,9,_xlpm.m)) -> 5 | T2: =--(GateFacts[[#This Row],[رقم البوابة]]=GateFacts[[#This Row],[البوابة الحالية للمشروع]]) -> 0 | U2: =IF(AND(GateFacts[[#This Row],[الحالة]]="مكتمل",COUNTIFS(GateFacts[رقم المشروع],GateFacts[[#This Row],[رقم المشروع]],GateFacts[رقم البوابة],"<"&GateFacts[[#This Row],[رقم البوابة]],GateFacts[منجزة],0)>0),1,0) -> 0 | V2: =SUBTOTAL(103,GateFacts[[#This Row],[م]])*OR(SelRegion="الكل",GateFacts[[#This Row],[المنطقة]]=SelRegion) -> #REF! | W2: {=IF(ISNUMBER(GateFacts[[#This Row],[صف المصدر]]),INDEX(Table15[],GateFacts[[#This Row],[صف المصدر]],16),"")} -> الشمالي الغربي
A3: {=ROW()-ROW(GateFacts[#Headers])} -> 2 | B3: =INT((GateFacts[[#This Row],[م]]-1)/8)+1 -> 1 | C3: =MOD(GateFacts[[#This Row],[م]]-1,8)+1 -> 2 | D3: {=IFERROR(INDEX(_xlfn.ANCHORARRAY(Settings!$H$2),GateFacts[[#This Row],[رقم المشروع]]),"")} -> 198 | E3: {=INDEX(Table15[],GateFacts[[#This Row],[صف المصدر]],14)&""} -> P858-1 | F3: {=INDEX(Table15[],GateFacts[[#This Row],[صف المصدر]],15)&""} -> تنفيذ شبكات الصرف الصحي في وسط الحناكية | G3: {=INDEX(Table15[],GateFacts[[#This Row],[صف المصدر]],17)&""} -> المدينة المنورة | H3: =N(INDEX(Table15[],GateFacts[[#This Row],[صف المصدر]],18)) -> 88550000 | I3: {=_xlfn.LET(_xlpm.x,TRIM(INDEX(Table15[],GateFacts[[#This Row],[صف المصدر]],22)&""),IF(_xlpm.x="","غير محدد",_xlpm.x))} -> تعزيز التكاليف | J3: ="بوابة "&GateFacts[[#This Row],[رقم البوابة]] -> بوابة 2 | K3: {=INDEX(Settings!$E$2:$E$9,GateFacts[[#This Row],[رقم البوابة]])} -> التخطيط الاولي | L3: {=_xlfn.LET(_xlpm.c,INDEX(Table15[],GateFacts[[#This Row],[صف المصدر]],9-GateFacts[[#This Row],[رقم البوابة]]),IF(ISBLANK(_xlpm.c),"",_xlpm.c))} -> مكتمل | M3: =_xlfn.LET(_xlpm.v,GateFacts[[#This Row],[القيمة الأصلية]],_xlpm.x,TRIM(_xlpm.v&""),IF(ISNUMBER(_xlpm.v),"تاريخ",IF(OR(_xlpm.x="N/A",_xlpm.x="NA",_xlpm.x="لا ينطبق"),"لا ينطبق",IF(OR(_xlpm.x="مكتمل",_xlpm.x="مكتمل بشروط",_xlpm.x="جاري"),_xlpm.x,IF(_xlpm.x="","فارغ","غير معروف"))))) -> مكتمل | N3: {=_xlfn.LET(_xlpm.r,GateFacts[[#This Row],[صف المصدر]],_xlpm.g,GateFacts[[#This Row],[رقم البوابة]],_xlpm.pd,IF(AND(ISNUMBER(_xlpm.r),_xlpm.g>=6,_xlpm.g<=8),INDEX(Table15[],_xlpm.r,19+_xlpm.g),""),IF(ISNUMBER(_xlpm.pd),_xlpm.pd,""))} | O3: =_xlfn.LET(_xlpm.m,GateFacts[[#This Row],[القيمة الموحدة]],_xlpm.d,GateFacts[[#This Row],[تاريخ البوابة]],IF(OR(_xlpm.m="مكتمل",_xlpm.m="مكتمل بشروط"),Settings!$Q$2,IF(_xlpm.m="لا ينطبق",Settings!$Q$7,IF(AND(ISNUMBER(_xlpm.d),_xlpm.d<=TODAY()),Settings!$Q$3,IF(AND(ISNUMBER(_xlpm.d),_xlpm.d<=TODAY()+AlertDays),Settings!$Q$4,IF(_xlpm.m="جاري","جاري","")))))) -> مكتمل | P3: =IF(ISNUMBER(GateFacts[[#This Row],[تاريخ البوابة]]),GateFacts[[#This Row],[تاريخ البوابة]]-TODAY(),"") | Q3: =IF(ISNUMBER(GateFacts[[#This Row],[تاريخ البوابة]]),TEXT(GateFacts[[#This Row],[تاريخ البوابة]],"yyyy-mm"),"بدون تاريخ") -> بدون تاريخ | R3: =--OR(GateFacts[[#This Row],[الحالة]]="مكتمل",GateFacts[[#This Row],[الحالة]]="لا ينطبق") -> 1 | S3: =_xlfn.LET(_xlpm.m,_xlfn.MINIFS(GateFacts[رقم البوابة],GateFacts[رقم المشروع],GateFacts[[#This Row],[رقم المشروع]],GateFacts[منجزة],0),IF(_xlpm.m=0,9,_xlpm.m)) -> 5 | T3: =--(GateFacts[[#This Row],[رقم البوابة]]=GateFacts[[#This Row],[البوابة الحالية للمشروع]]) -> 0 | U3: =IF(AND(GateFacts[[#This Row],[الحالة]]="مكتمل",COUNTIFS(GateFacts[رقم المشروع],GateFacts[[#This Row],[رقم المشروع]],GateFacts[رقم البوابة],"<"&GateFacts[[#This Row],[رقم البوابة]],GateFacts[منجزة],0)>0),1,0) -> 0 | V3: =SUBTOTAL(103,GateFacts[[#This Row],[م]])*OR(SelRegion="الكل",GateFacts[[#This Row],[المنطقة]]=SelRegion) -> #REF! | W3: {=IF(ISNUMBER(GateFacts[[#This Row],[صف المصدر]]),INDEX(Table15[],GateFacts[[#This Row],[صف المصدر]],16),"")} -> الشمالي الغربي
A4: {=ROW()-ROW(GateFacts[#Headers])} -> 3 | B4: =INT((GateFacts[[#This Row],[م]]-1)/8)+1 -> 1 | C4: =MOD(GateFacts[[#This Row],[م]]-1,8)+1 -> 3 | D4: {=IFERROR(INDEX(_xlfn.ANCHORARRAY(Settings!$H$2),GateFacts[[#This Row],[رقم المشروع]]),"")} -> 198 | E4: {=INDEX(Table15[],GateFacts[[#This Row],[صف المصدر]],14)&""} -> P858-1 | F4: {=INDEX(Table15[],GateFacts[[#This Row],[صف المصدر]],15)&""} -> تنفيذ شبكات الصرف الصحي في وسط الحناكية | G4: {=INDEX(Table15[],GateFacts[[#This Row],[صف المصدر]],17)&""} -> المدينة المنورة | H4: =N(INDEX(Table15[],GateFacts[[#This Row],[صف المصدر]],18)) -> 88550000 | I4: {=_xlfn.LET(_xlpm.x,TRIM(INDEX(Table15[],GateFacts[[#This Row],[صف المصدر]],22)&""),IF(_xlpm.x="","غير محدد",_xlpm.x))} -> تعزيز التكاليف | J4: ="بوابة "&GateFacts[[#This Row],[رقم البوابة]] -> بوابة 3 | K4: {=INDEX(Settings!$E$2:$E$9,GateFacts[[#This Row],[رقم البوابة]])} -> الطرح للتصميم | L4: {=_xlfn.LET(_xlpm.c,INDEX(Table15[],GateFacts[[#This Row],[صف المصدر]],9-GateFacts[[#This Row],[رقم البوابة]]),IF(ISBLANK(_xlpm.c),"",_xlpm.c))} -> لا ينطبق | M4: =_xlfn.LET(_xlpm.v,GateFacts[[#This Row],[القيمة الأصلية]],_xlpm.x,TRIM(_xlpm.v&""),IF(ISNUMBER(_xlpm.v),"تاريخ",IF(OR(_xlpm.x="N/A",_xlpm.x="NA",_xlpm.x="لا ينطبق"),"لا ينطبق",IF(OR(_xlpm.x="مكتمل",_xlpm.x="مكتمل بشروط",_xlpm.x="جاري"),_xlpm.x,IF(_xlpm.x="","فارغ","غير معروف"))))) -> لا ينطبق | N4: {=_xlfn.LET(_xlpm.r,GateFacts[[#This Row],[صف المصدر]],_xlpm.g,GateFacts[[#This Row],[رقم البوابة]],_xlpm.pd,IF(AND(ISNUMBER(_xlpm.r),_xlpm.g>=6,_xlpm.g<=8),INDEX(Table15[],_xlpm.r,19+_xlpm.g),""),IF(ISNUMBER(_xlpm.pd),_xlpm.pd,""))} | O4: =_xlfn.LET(_xlpm.m,GateFacts[[#This Row],[القيمة الموحدة]],_xlpm.d,GateFacts[[#This Row],[تاريخ البوابة]],IF(OR(_xlpm.m="مكتمل",_xlpm.m="مكتمل بشروط"),Settings!$Q$2,IF(_xlpm.m="لا ينطبق",Settings!$Q$7,IF(AND(ISNUMBER(_xlpm.d),_xlpm.d<=TODAY()),Settings!$Q$3,IF(AND(ISNUMBER(_xlpm.d),_xlpm.d<=TODAY()+AlertDays),Settings!$Q$4,IF(_xlpm.m="جاري","جاري","")))))) -> لا ينطبق | P4: =IF(ISNUMBER(GateFacts[[#This Row],[تاريخ البوابة]]),GateFacts[[#This Row],[تاريخ البوابة]]-TODAY(),"") | Q4: =IF(ISNUMBER(GateFacts[[#This Row],[تاريخ البوابة]]),TEXT(GateFacts[[#This Row],[تاريخ البوابة]],"yyyy-mm"),"بدون تاريخ") -> بدون تاريخ | R4: =--OR(GateFacts[[#This Row],[الحالة]]="مكتمل",GateFacts[[#This Row],[الحالة]]="لا ينطبق") -> 1 | S4: =_xlfn.LET(_xlpm.m,_xlfn.MINIFS(GateFacts[رقم البوابة],GateFacts[رقم المشروع],GateFacts[[#This Row],[رقم المشروع]],GateFacts[منجزة],0),IF(_xlpm.m=0,9,_xlpm.m)) -> 5 | T4: =--(GateFacts[[#This Row],[رقم البوابة]]=GateFacts[[#This Row],[البوابة الحالية للمشروع]]) -> 0 | U4: =IF(AND(GateFacts[[#This Row],[الحالة]]="مكتمل",COUNTIFS(GateFacts[رقم المشروع],GateFacts[[#This Row],[رقم المشروع]],GateFacts[رقم البوابة],"<"&GateFacts[[#This Row],[رقم البوابة]],GateFacts[منجزة],0)>0),1,0) -> 0 | V4: =SUBTOTAL(103,GateFacts[[#This Row],[م]])*OR(SelRegion="الكل",GateFacts[[#This Row],[المنطقة]]=SelRegion) -> #REF! | W4: {=IF(ISNUMBER(GateFacts[[#This Row],[صف المصدر]]),INDEX(Table15[],GateFacts[[#This Row],[صف المصدر]],16),"")} -> الشمالي الغربي
A5: {=ROW()-ROW(GateFacts[#Headers])} -> 4 | B5: =INT((GateFacts[[#This Row],[م]]-1)/8)+1 -> 1 | C5: =MOD(GateFacts[[#This Row],[م]]-1,8)+1 -> 4 | D5: {=IFERROR(INDEX(_xlfn.ANCHORARRAY(Settings!$H$2),GateFacts[[#This Row],[رقم المشروع]]),"")} -> 198 | E5: {=INDEX(Table15[],GateFacts[[#This Row],[صف المصدر]],14)&""} -> P858-1 | F5: {=INDEX(Table15[],GateFacts[[#This Row],[صف المصدر]],15)&""} -> تنفيذ شبكات الصرف الصحي في وسط الحناكية | G5: {=INDEX(Table15[],GateFacts[[#This Row],[صف المصدر]],17)&""} -> المدينة المنورة | H5: =N(INDEX(Table15[],GateFacts[[#This Row],[صف المصدر]],18)) -> 88550000 | I5: {=_xlfn.LET(_xlpm.x,TRIM(INDEX(Table15[],GateFacts[[#This Row],[صف المصدر]],22)&""),IF(_xlpm.x="","غير محدد",_xlpm.x))} -> تعزيز التكاليف | J5: ="بوابة "&GateFacts[[#This Row],[رقم البوابة]] -> بوابة 4 | K5: {=INDEX(Settings!$E$2:$E$9,GateFacts[[#This Row],[رقم البوابة]])} -> التصميم | L5: {=_xlfn.LET(_xlpm.c,INDEX(Table15[],GateFacts[[#This Row],[صف المصدر]],9-GateFacts[[#This Row],[رقم البوابة]]),IF(ISBLANK(_xlpm.c),"",_xlpm.c))} -> مكتمل | M5: =_xlfn.LET(_xlpm.v,GateFacts[[#This Row],[القيمة الأصلية]],_xlpm.x,TRIM(_xlpm.v&""),IF(ISNUMBER(_xlpm.v),"تاريخ",IF(OR(_xlpm.x="N/A",_xlpm.x="NA",_xlpm.x="لا ينطبق"),"لا ينطبق",IF(OR(_xlpm.x="مكتمل",_xlpm.x="مكتمل بشروط",_xlpm.x="جاري"),_xlpm.x,IF(_xlpm.x="","فارغ","غير معروف"))))) -> مكتمل | N5: {=_xlfn.LET(_xlpm.r,GateFacts[[#This Row],[صف المصدر]],_xlpm.g,GateFacts[[#This Row],[رقم البوابة]],_xlpm.pd,IF(AND(ISNUMBER(_xlpm.r),_xlpm.g>=6,_xlpm.g<=8),INDEX(Table15[],_xlpm.r,19+_xlpm.g),""),IF(ISNUMBER(_xlpm.pd),_xlpm.pd,""))} | O5: =_xlfn.LET(_xlpm.m,GateFacts[[#This Row],[القيمة الموحدة]],_xlpm.d,GateFacts[[#This Row],[تاريخ البوابة]],IF(OR(_xlpm.m="مكتمل",_xlpm.m="مكتمل بشروط"),Settings!$Q$2,IF(_xlpm.m="لا ينطبق",Settings!$Q$7,IF(AND(ISNUMBER(_xlpm.d),_xlpm.d<=TODAY()),Settings!$Q$3,IF(AND(ISNUMBER(_xlpm.d),_xlpm.d<=TODAY()+AlertDays),Settings!$Q$4,IF(_xlpm.m="جاري","جاري","")))))) -> مكتمل | P5: =IF(ISNUMBER(GateFacts[[#This Row],[تاريخ البوابة]]),GateFacts[[#This Row],[تاريخ البوابة]]-TODAY(),"") | Q5: =IF(ISNUMBER(GateFacts[[#This Row],[تاريخ البوابة]]),TEXT(GateFacts[[#This Row],[تاريخ البوابة]],"yyyy-mm"),"بدون تاريخ") -> بدون تاريخ | R5: =--OR(GateFacts[[#This Row],[الحالة]]="مكتمل",GateFacts[[#This Row],[الحالة]]="لا ينطبق") -> 1 | S5: =_xlfn.LET(_xlpm.m,_xlfn.MINIFS(GateFacts[رقم البوابة],GateFacts[رقم المشروع],GateFacts[[#This Row],[رقم المشروع]],GateFacts[منجزة],0),IF(_xlpm.m=0,9,_xlpm.m)) -> 5 | T5: =--(GateFacts[[#This Row],[رقم البوابة]]=GateFacts[[#This Row],[البوابة الحالية للمشروع]]) -> 0 | U5: =IF(AND(GateFacts[[#This Row],[الحالة]]="مكتمل",COUNTIFS(GateFacts[رقم المشروع],GateFacts[[#This Row],[رقم المشروع]],GateFacts[رقم البوابة],"<"&GateFacts[[#This Row],[رقم البوابة]],GateFacts[منجزة],0)>0),1,0) -> 0 | V5: =SUBTOTAL(103,GateFacts[[#This Row],[م]])*OR(SelRegion="الكل",GateFacts[[#This Row],[المنطقة]]=SelRegion) -> #REF! | W5: {=IF(ISNUMBER(GateFacts[[#This Row],[صف المصدر]]),INDEX(Table15[],GateFacts[[#This Row],[صف المصدر]],16),"")} -> الشمالي الغربي
A6: {=ROW()-ROW(GateFacts[#Headers])} -> 5 | B6: =INT((GateFacts[[#This Row],[م]]-1)/8)+1 -> 1 | C6: =MOD(GateFacts[[#This Row],[م]]-1,8)+1 -> 5 | D6: {=IFERROR(INDEX(_xlfn.ANCHORARRAY(Settings!$H$2),GateFacts[[#This Row],[رقم المشروع]]),"")} -> 198 | E6: {=INDEX(Table15[],GateFacts[[#This Row],[صف المصدر]],14)&""} -> P858-1 | F6: {=INDEX(Table15[],GateFacts[[#This Row],[صف المصدر]],15)&""} -> تنفيذ شبكات الصرف الصحي في وسط الحناكية | G6: {=INDEX(Table15[],GateFacts[[#This Row],[صف المصدر]],17)&""} -> المدينة المنورة | H6: =N(INDEX(Table15[],GateFacts[[#This Row],[صف المصدر]],18)) -> 88550000 | I6: {=_xlfn.LET(_xlpm.x,TRIM(INDEX(Table15[],GateFacts[[#This Row],[صف المصدر]],22)&""),IF(_xlpm.x="","غير محدد",_xlpm.x))} -> تعزيز التكاليف | J6: ="بوابة "&GateFacts[[#This Row],[رقم البوابة]] -> بوابة 5 | K6: {=INDEX(Settings!$E$2:$E$9,GateFacts[[#This Row],[رقم البوابة]])} -> الطرح للتنفيذ | L6: {=_xlfn.LET(_xlpm.c,INDEX(Table15[],GateFacts[[#This Row],[صف المصدر]],9-GateFacts[[#This Row],[رقم البوابة]]),IF(ISBLANK(_xlpm.c),"",_xlpm.c))} -> جاري | M6: =_xlfn.LET(_xlpm.v,GateFacts[[#This Row],[القيمة الأصلية]],_xlpm.x,TRIM(_xlpm.v&""),IF(ISNUMBER(_xlpm.v),"تاريخ",IF(OR(_xlpm.x="N/A",_xlpm.x="NA",_xlpm.x="لا ينطبق"),"لا ينطبق",IF(OR(_xlpm.x="مكتمل",_xlpm.x="مكتمل بشروط",_xlpm.x="جاري"),_xlpm.x,IF(_xlpm.x="","فارغ","غير معروف"))))) -> جاري | N6: {=_xlfn.LET(_xlpm.r,GateFacts[[#This Row],[صف المصدر]],_xlpm.g,GateFacts[[#This Row],[رقم البوابة]],_xlpm.pd,IF(AND(ISNUMBER(_xlpm.r),_xlpm.g>=6,_xlpm.g<=8),INDEX(Table15[],_xlpm.r,19+_xlpm.g),""),IF(ISNUMBER(_xlpm.pd),_xlpm.pd,""))} | O6: =_xlfn.LET(_xlpm.m,GateFacts[[#This Row],[القيمة الموحدة]],_xlpm.d,GateFacts[[#This Row],[تاريخ البوابة]],IF(OR(_xlpm.m="مكتمل",_xlpm.m="مكتمل بشروط"),Settings!$Q$2,IF(_xlpm.m="لا ينطبق",Settings!$Q$7,IF(AND(ISNUMBER(_xlpm.d),_xlpm.d<=TODAY()),Settings!$Q$3,IF(AND(ISNUMBER(_xlpm.d),_xlpm.d<=TODAY()+AlertDays),Settings!$Q$4,IF(_xlpm.m="جاري","جاري","")))))) -> جاري | P6: =IF(ISNUMBER(GateFacts[[#This Row],[تاريخ البوابة]]),GateFacts[[#This Row],[تاريخ البوابة]]-TODAY(),"") | Q6: =IF(ISNUMBER(GateFacts[[#This Row],[تاريخ البوابة]]),TEXT(GateFacts[[#This Row],[تاريخ البوابة]],"yyyy-mm"),"بدون تاريخ") -> بدون تاريخ | R6: =--OR(GateFacts[[#This Row],[الحالة]]="مكتمل",GateFacts[[#This Row],[الحالة]]="لا ينطبق") -> 0 | S6: =_xlfn.LET(_xlpm.m,_xlfn.MINIFS(GateFacts[رقم البوابة],GateFacts[رقم المشروع],GateFacts[[#This Row],[رقم المشروع]],GateFacts[منجزة],0),IF(_xlpm.m=0,9,_xlpm.m)) -> 5 | T6: =--(GateFacts[[#This Row],[رقم البوابة]]=GateFacts[[#This Row],[البوابة الحالية للمشروع]]) -> 1 | U6: =IF(AND(GateFacts[[#This Row],[الحالة]]="مكتمل",COUNTIFS(GateFacts[رقم المشروع],GateFacts[[#This Row],[رقم المشروع]],GateFacts[رقم البوابة],"<"&GateFacts[[#This Row],[رقم البوابة]],GateFacts[منجزة],0)>0),1,0) -> 0 | V6: =SUBTOTAL(103,GateFacts[[#This Row],[م]])*OR(SelRegion="الكل",GateFacts[[#This Row],[المنطقة]]=SelRegion) -> #REF! | W6: {=IF(ISNUMBER(GateFacts[[#This Row],[صف المصدر]]),INDEX(Table15[],GateFacts[[#This Row],[صف المصدر]],16),"")} -> الشمالي الغربي
A7: {=ROW()-ROW(GateFacts[#Headers])} -> 6 | B7: =INT((GateFacts[[#This Row],[م]]-1)/8)+1 -> 1 | C7: =MOD(GateFacts[[#This Row],[م]]-1,8)+1 -> 6 | D7: {=IFERROR(INDEX(_xlfn.ANCHORARRAY(Settings!$H$2),GateFacts[[#This Row],[رقم المشروع]]),"")} -> 198 | E7: {=INDEX(Table15[],GateFacts[[#This Row],[صف المصدر]],14)&""} -> P858-1 | F7: {=INDEX(Table15[],GateFacts[[#This Row],[صف المصدر]],15)&""} -> تنفيذ شبكات الصرف الصحي في وسط الحناكية | G7: {=INDEX(Table15[],GateFacts[[#This Row],[صف المصدر]],17)&""} -> المدينة المنورة | H7: =N(INDEX(Table15[],GateFacts[[#This Row],[صف المصدر]],18)) -> 88550000 | I7: {=_xlfn.LET(_xlpm.x,TRIM(INDEX(Table15[],GateFacts[[#This Row],[صف المصدر]],22)&""),IF(_xlpm.x="","غير محدد",_xlpm.x))} -> تعزيز التكاليف | J7: ="بوابة "&GateFacts[[#This Row],[رقم البوابة]] -> بوابة 6 | K7: {=INDEX(Settings!$E$2:$E$9,GateFacts[[#This Row],[رقم البوابة]])} -> التنفيذ | L7: {=_xlfn.LET(_xlpm.c,INDEX(Table15[],GateFacts[[#This Row],[صف المصدر]],9-GateFacts[[#This Row],[رقم البوابة]]),IF(ISBLANK(_xlpm.c),"",_xlpm.c))} | M7: =_xlfn.LET(_xlpm.v,GateFacts[[#This Row],[القيمة الأصلية]],_xlpm.x,TRIM(_xlpm.v&""),IF(ISNUMBER(_xlpm.v),"تاريخ",IF(OR(_xlpm.x="N/A",_xlpm.x="NA",_xlpm.x="لا ينطبق"),"لا ينطبق",IF(OR(_xlpm.x="مكتمل",_xlpm.x="مكتمل بشروط",_xlpm.x="جاري"),_xlpm.x,IF(_xlpm.x="","فارغ","غير معروف"))))) -> فارغ | N7: {=_xlfn.LET(_xlpm.r,GateFacts[[#This Row],[صف المصدر]],_xlpm.g,GateFacts[[#This Row],[رقم البوابة]],_xlpm.pd,IF(AND(ISNUMBER(_xlpm.r),_xlpm.g>=6,_xlpm.g<=8),INDEX(Table15[],_xlpm.r,19+_xlpm.g),""),IF(ISNUMBER(_xlpm.pd),_xlpm.pd,""))} | O7: =_xlfn.LET(_xlpm.m,GateFacts[[#This Row],[القيمة الموحدة]],_xlpm.d,GateFacts[[#This Row],[تاريخ البوابة]],IF(OR(_xlpm.m="مكتمل",_xlpm.m="مكتمل بشروط"),Settings!$Q$2,IF(_xlpm.m="لا ينطبق",Settings!$Q$7,IF(AND(ISNUMBER(_xlpm.d),_xlpm.d<=TODAY()),Settings!$Q$3,IF(AND(ISNUMBER(_xlpm.d),_xlpm.d<=TODAY()+AlertDays),Settings!$Q$4,IF(_xlpm.m="جاري","جاري","")))))) | P7: =IF(ISNUMBER(GateFacts[[#This Row],[تاريخ البوابة]]),GateFacts[[#This Row],[تاريخ البوابة]]-TODAY(),"") | Q7: =IF(ISNUMBER(GateFacts[[#This Row],[تاريخ البوابة]]),TEXT(GateFacts[[#This Row],[تاريخ البوابة]],"yyyy-mm"),"بدون تاريخ") -> بدون تاريخ | R7: =--OR(GateFacts[[#This Row],[الحالة]]="مكتمل",GateFacts[[#This Row],[الحالة]]="لا ينطبق") -> 0 | S7: =_xlfn.LET(_xlpm.m,_xlfn.MINIFS(GateFacts[رقم البوابة],GateFacts[رقم المشروع],GateFacts[[#This Row],[رقم المشروع]],GateFacts[منجزة],0),IF(_xlpm.m=0,9,_xlpm.m)) -> 5 | T7: =--(GateFacts[[#This Row],[رقم البوابة]]=GateFacts[[#This Row],[البوابة الحالية للمشروع]]) -> 0 | U7: =IF(AND(GateFacts[[#This Row],[الحالة]]="مكتمل",COUNTIFS(GateFacts[رقم المشروع],GateFacts[[#This Row],[رقم المشروع]],GateFacts[رقم البوابة],"<"&GateFacts[[#This Row],[رقم البوابة]],GateFacts[منجزة],0)>0),1,0) -> 0 | V7: =SUBTOTAL(103,GateFacts[[#This Row],[م]])*OR(SelRegion="الكل",GateFacts[[#This Row],[المنطقة]]=SelRegion) -> #REF! | W7: {=IF(ISNUMBER(GateFacts[[#This Row],[صف المصدر]]),INDEX(Table15[],GateFacts[[#This Row],[صف المصدر]],16),"")} -> الشمالي الغربي
A8: {=ROW()-ROW(GateFacts[#Headers])} -> 7 | B8: =INT((GateFacts[[#This Row],[م]]-1)/8)+1 -> 1 | C8: =MOD(GateFacts[[#This Row],[م]]-1,8)+1 -> 7 | D8: {=IFERROR(INDEX(_xlfn.ANCHORARRAY(Settings!$H$2),GateFacts[[#This Row],[رقم المشروع]]),"")} -> 198 | E8: {=INDEX(Table15[],GateFacts[[#This Row],[صف المصدر]],14)&""} -> P858-1 | F8: {=INDEX(Table15[],GateFacts[[#This Row],[صف المصدر]],15)&""} -> تنفيذ شبكات الصرف الصحي في وسط الحناكية | G8: {=INDEX(Table15[],GateFacts[[#This Row],[صف المصدر]],17)&""} -> المدينة المنورة | H8: =N(INDEX(Table15[],GateFacts[[#This Row],[صف المصدر]],18)) -> 88550000 | I8: {=_xlfn.LET(_xlpm.x,TRIM(INDEX(Table15[],GateFacts[[#This Row],[صف المصدر]],22)&""),IF(_xlpm.x="","غير محدد",_xlpm.x))} -> تعزيز التكاليف | J8: ="بوابة "&GateFacts[[#This Row],[رقم البوابة]] -> بوابة 7 | K8: {=INDEX(Settings!$E$2:$E$9,GateFacts[[#This Row],[رقم البوابة]])} -> الاختبارات التشغيلية | L8: {=_xlfn.LET(_xlpm.c,INDEX(Table15[],GateFacts[[#This Row],[صف المصدر]],9-GateFacts[[#This Row],[رقم البوابة]]),IF(ISBLANK(_xlpm.c),"",_xlpm.c))} | M8: =_xlfn.LET(_xlpm.v,GateFacts[[#This Row],[القيمة الأصلية]],_xlpm.x,TRIM(_xlpm.v&""),IF(ISNUMBER(_xlpm.v),"تاريخ",IF(OR(_xlpm.x="N/A",_xlpm.x="NA",_xlpm.x="لا ينطبق"),"لا ينطبق",IF(OR(_xlpm.x="مكتمل",_xlpm.x="مكتمل بشروط",_xlpm.x="جاري"),_xlpm.x,IF(_xlpm.x="","فارغ","غير معروف"))))) -> فارغ | N8: {=_xlfn.LET(_xlpm.r,GateFacts[[#This Row],[صف المصدر]],_xlpm.g,GateFacts[[#This Row],[رقم البوابة]],_xlpm.pd,IF(AND(ISNUMBER(_xlpm.r),_xlpm.g>=6,_xlpm.g<=8),INDEX(Table15[],_xlpm.r,19+_xlpm.g),""),IF(ISNUMBER(_xlpm.pd),_xlpm.pd,""))} | O8: =_xlfn.LET(_xlpm.m,GateFacts[[#This Row],[القيمة الموحدة]],_xlpm.d,GateFacts[[#This Row],[تاريخ البوابة]],IF(OR(_xlpm.m="مكتمل",_xlpm.m="مكتمل بشروط"),Settings!$Q$2,IF(_xlpm.m="لا ينطبق",Settings!$Q$7,IF(AND(ISNUMBER(_xlpm.d),_xlpm.d<=TODAY()),Settings!$Q$3,IF(AND(ISNUMBER(_xlpm.d),_xlpm.d<=TODAY()+AlertDays),Settings!$Q$4,IF(_xlpm.m="جاري","جاري","")))))) | P8: =IF(ISNUMBER(GateFacts[[#This Row],[تاريخ البوابة]]),GateFacts[[#This Row],[تاريخ البوابة]]-TODAY(),"") | Q8: =IF(ISNUMBER(GateFacts[[#This Row],[تاريخ البوابة]]),TEXT(GateFacts[[#This Row],[تاريخ البوابة]],"yyyy-mm"),"بدون تاريخ") -> بدون تاريخ | R8: =--OR(GateFacts[[#This Row],[الحالة]]="مكتمل",GateFacts[[#This Row],[الحالة]]="لا ينطبق") -> 0 | S8: =_xlfn.LET(_xlpm.m,_xlfn.MINIFS(GateFacts[رقم البوابة],GateFacts[رقم المشروع],GateFacts[[#This Row],[رقم المشروع]],GateFacts[منجزة],0),IF(_xlpm.m=0,9,_xlpm.m)) -> 5 | T8: =--(GateFacts[[#This Row],[رقم البوابة]]=GateFacts[[#This Row],[البوابة الحالية للمشروع]]) -> 0 | U8: =IF(AND(GateFacts[[#This Row],[الحالة]]="مكتمل",COUNTIFS(GateFacts[رقم المشروع],GateFacts[[#This Row],[رقم المشروع]],GateFacts[رقم البوابة],"<"&GateFacts[[#This Row],[رقم البوابة]],GateFacts[منجزة],0)>0),1,0) -> 0 | V8: =SUBTOTAL(103,GateFacts[[#This Row],[م]])*OR(SelRegion="الكل",GateFacts[[#This Row],[المنطقة]]=SelRegion) -> #REF! | W8: {=IF(ISNUMBER(GateFacts[[#This Row],[صف المصدر]]),INDEX(Table15[],GateFacts[[#This Row],[صف المصدر]],16),"")} -> الشمالي الغربي
A9: {=ROW()-ROW(GateFacts[#Headers])} -> 8 | B9: =INT((GateFacts[[#This Row],[م]]-1)/8)+1 -> 1 | C9: =MOD(GateFacts[[#This Row],[م]]-1,8)+1 -> 8 | D9: {=IFERROR(INDEX(_xlfn.ANCHORARRAY(Settings!$H$2),GateFacts[[#This Row],[رقم المشروع]]),"")} -> 198 | E9: {=INDEX(Table15[],GateFacts[[#This Row],[صف المصدر]],14)&""} -> P858-1 | F9: {=INDEX(Table15[],GateFacts[[#This Row],[صف المصدر]],15)&""} -> تنفيذ شبكات الصرف الصحي في وسط الحناكية | G9: {=INDEX(Table15[],GateFacts[[#This Row],[صف المصدر]],17)&""} -> المدينة المنورة | H9: =N(INDEX(Table15[],GateFacts[[#This Row],[صف المصدر]],18)) -> 88550000 | I9: {=_xlfn.LET(_xlpm.x,TRIM(INDEX(Table15[],GateFacts[[#This Row],[صف المصدر]],22)&""),IF(_xlpm.x="","غير محدد",_xlpm.x))} -> تعزيز التكاليف | J9: ="بوابة "&GateFacts[[#This Row],[رقم البوابة]] -> بوابة 8 | K9: {=INDEX(Settings!$E$2:$E$9,GateFacts[[#This Row],[رقم البوابة]])} -> التسليم و الاغلاق | L9: {=_xlfn.LET(_xlpm.c,INDEX(Table15[],GateFacts[[#This Row],[صف المصدر]],9-GateFacts[[#This Row],[رقم البوابة]]),IF(ISBLANK(_xlpm.c),"",_xlpm.c))} | M9: =_xlfn.LET(_xlpm.v,GateFacts[[#This Row],[القيمة الأصلية]],_xlpm.x,TRIM(_xlpm.v&""),IF(ISNUMBER(_xlpm.v),"تاريخ",IF(OR(_xlpm.x="N/A",_xlpm.x="NA",_xlpm.x="لا ينطبق"),"لا ينطبق",IF(OR(_xlpm.x="مكتمل",_xlpm.x="مكتمل بشروط",_xlpm.x="جاري"),_xlpm.x,IF(_xlpm.x="","فارغ","غير معروف"))))) -> فارغ | N9: {=_xlfn.LET(_xlpm.r,GateFacts[[#This Row],[صف المصدر]],_xlpm.g,GateFacts[[#This Row],[رقم البوابة]],_xlpm.pd,IF(AND(ISNUMBER(_xlpm.r),_xlpm.g>=6,_xlpm.g<=8),INDEX(Table15[],_xlpm.r,19+_xlpm.g),""),IF(ISNUMBER(_xlpm.pd),_xlpm.pd,""))} | O9: =_xlfn.LET(_xlpm.m,GateFacts[[#This Row],[القيمة الموحدة]],_xlpm.d,GateFacts[[#This Row],[تاريخ البوابة]],IF(OR(_xlpm.m="مكتمل",_xlpm.m="مكتمل بشروط"),Settings!$Q$2,IF(_xlpm.m="لا ينطبق",Settings!$Q$7,IF(AND(ISNUMBER(_xlpm.d),_xlpm.d<=TODAY()),Settings!$Q$3,IF(AND(ISNUMBER(_xlpm.d),_xlpm.d<=TODAY()+AlertDays),Settings!$Q$4,IF(_xlpm.m="جاري","جاري","")))))) | P9: =IF(ISNUMBER(GateFacts[[#This Row],[تاريخ البوابة]]),GateFacts[[#This Row],[تاريخ البوابة]]-TODAY(),"") | Q9: =IF(ISNUMBER(GateFacts[[#This Row],[تاريخ البوابة]]),TEXT(GateFacts[[#This Row],[تاريخ البوابة]],"yyyy-mm"),"بدون تاريخ") -> بدون تاريخ | R9: =--OR(GateFacts[[#This Row],[الحالة]]="مكتمل",GateFacts[[#This Row],[الحالة]]="لا ينطبق") -> 0 | S9: =_xlfn.LET(_xlpm.m,_xlfn.MINIFS(GateFacts[رقم البوابة],GateFacts[رقم المشروع],GateFacts[[#This Row],[رقم المشروع]],GateFacts[منجزة],0),IF(_xlpm.m=0,9,_xlpm.m)) -> 5 | T9: =--(GateFacts[[#This Row],[رقم البوابة]]=GateFacts[[#This Row],[البوابة الحالية للمشروع]]) -> 0 | U9: =IF(AND(GateFacts[[#This Row],[الحالة]]="مكتمل",COUNTIFS(GateFacts[رقم المشروع],GateFacts[[#This Row],[رقم المشروع]],GateFacts[رقم البوابة],"<"&GateFacts[[#This Row],[رقم البوابة]],GateFacts[منجزة],0)>0),1,0) -> 0 | V9: =SUBTOTAL(103,GateFacts[[#This Row],[م]])*OR(SelRegion="الكل",GateFacts[[#This Row],[المنطقة]]=SelRegion) -> #REF! | W9: {=IF(ISNUMBER(GateFacts[[#This Row],[صف المصدر]]),INDEX(Table15[],GateFacts[[#This Row],[صف المصدر]],16),"")} -> الشمالي الغربي
A10: {=ROW()-ROW(GateFacts[#Headers])} -> 9 | B10: =INT((GateFacts[[#This Row],[م]]-1)/8)+1 -> 2 | C10: =MOD(GateFacts[[#This Row],[م]]-1,8)+1 -> 1 | D10: {=IFERROR(INDEX(_xlfn.ANCHORARRAY(Settings!$H$2),GateFacts[[#This Row],[رقم المشروع]]),"")} -> 199 | E10: {=INDEX(Table15[],GateFacts[[#This Row],[صف المصدر]],14)&""} -> P856 | F10: {=INDEX(Table15[],GateFacts[[#This Row],[صف المصدر]],15)&""} -> تنفيذ خطوط وشبكات الصرف الصحي بمحافظة العلا ( الجزء الاول ) | G10: {=INDEX(Table15[],GateFacts[[#This Row],[صف المصدر]],17)&""} -> المدينة المنورة | H10: =N(INDEX(Table15[],GateFacts[[#This Row],[صف المصدر]],18)) -> 1.5732436e+08 | I10: {=_xlfn.LET(_xlpm.x,TRIM(INDEX(Table15[],GateFacts[[#This Row],[صف المصدر]],22)&""),IF(_xlpm.x="","غير محدد",_xlpm.x))} -> تعزيز التكاليف | J10: ="بوابة "&GateFacts[[#This Row],[رقم البوابة]] -> بوابة 1 | K10: {=INDEX(Settings!$E$2:$E$9,GateFacts[[#This Row],[رقم البوابة]])} -> تخطيط استراتيجي | L10: {=_xlfn.LET(_xlpm.c,INDEX(Table15[],GateFacts[[#This Row],[صف المصدر]],9-GateFacts[[#This Row],[رقم البوابة]]),IF(ISBLANK(_xlpm.c),"",_xlpm.c))} -> مكتمل | M10: =_xlfn.LET(_xlpm.v,GateFacts[[#This Row],[القيمة الأصلية]],_xlpm.x,TRIM(_xlpm.v&""),IF(ISNUMBER(_xlpm.v),"تاريخ",IF(OR(_xlpm.x="N/A",_xlpm.x="NA",_xlpm.x="لا ينطبق"),"لا ينطبق",IF(OR(_xlpm.x="مكتمل",_xlpm.x="مكتمل بشروط",_xlpm.x="جاري"),_xlpm.x,IF(_xlpm.x="","فارغ","غير معروف"))))) -> مكتمل | N10: {=_xlfn.LET(_xlpm.r,GateFacts[[#This Row],[صف المصدر]],_xlpm.g,GateFacts[[#This Row],[رقم البوابة]],_xlpm.pd,IF(AND(ISNUMBER(_xlpm.r),_xlpm.g>=6,_xlpm.g<=8),INDEX(Table15[],_xlpm.r,19+_xlpm.g),""),IF(ISNUMBER(_xlpm.pd),_xlpm.pd,""))} | O10: =_xlfn.LET(_xlpm.m,GateFacts[[#This Row],[القيمة الموحدة]],_xlpm.d,GateFacts[[#This Row],[تاريخ البوابة]],IF(OR(_xlpm.m="مكتمل",_xlpm.m="مكتمل بشروط"),Settings!$Q$2,IF(_xlpm.m="لا ينطبق",Settings!$Q$7,IF(AND(ISNUMBER(_xlpm.d),_xlpm.d<=TODAY()),Settings!$Q$3,IF(AND(ISNUMBER(_xlpm.d),_xlpm.d<=TODAY()+AlertDays),Settings!$Q$4,IF(_xlpm.m="جاري","جاري","")))))) -> مكتمل | P10: =IF(ISNUMBER(GateFacts[[#This Row],[تاريخ البوابة]]),GateFacts[[#This Row],[تاريخ البوابة]]-TODAY(),"") | Q10: =IF(ISNUMBER(GateFacts[[#This Row],[تاريخ البوابة]]),TEXT(GateFacts[[#This Row],[تاريخ البوابة]],"yyyy-mm"),"بدون تاريخ") -> بدون تاريخ | R10: =--OR(GateFacts[[#This Row],[الحالة]]="مكتمل",GateFacts[[#This Row],[الحالة]]="لا ينطبق") -> 1 | S10: =_xlfn.LET(_xlpm.m,_xlfn.MINIFS(GateFacts[رقم البوابة],GateFacts[رقم المشروع],GateFacts[[#This Row],[رقم المشروع]],GateFacts[منجزة],0),IF(_xlpm.m=0,9,_xlpm.m)) -> 5 | T10: =--(GateFacts[[#This Row],[رقم البوابة]]=GateFacts[[#This Row],[البوابة الحالية للمشروع]]) -> 0 | U10: =IF(AND(GateFacts[[#This Row],[الحالة]]="مكتمل",COUNTIFS(GateFacts[رقم المشروع],GateFacts[[#This Row],[رقم المشروع]],GateFacts[رقم البوابة],"<"&GateFacts[[#This Row],[رقم البوابة]],GateFacts[منجزة],0)>0),1,0) -> 0 | V10: =SUBTOTAL(103,GateFacts[[#This Row],[م]])*OR(SelRegion="الكل",GateFacts[[#This Row],[المنطقة]]=SelRegion) -> #REF! | W10: {=IF(ISNUMBER(GateFacts[[#This Row],[صف المصدر]]),INDEX(Table15[],GateFacts[[#This Row],[صف المصدر]],16),"")} -> الشمالي الغربي
A11: {=ROW()-ROW(GateFacts[#Headers])} -> 10 | B11: =INT((GateFacts[[#This Row],[م]]-1)/8)+1 -> 2 | C11: =MOD(GateFacts[[#This Row],[م]]-1,8)+1 -> 2 | D11: {=IFERROR(INDEX(_xlfn.ANCHORARRAY(Settings!$H$2),GateFacts[[#This Row],[رقم المشروع]]),"")} -> 199 | E11: {=INDEX(Table15[],GateFacts[[#This Row],[صف المصدر]],14)&""} -> P856 | F11: {=INDEX(Table15[],GateFacts[[#This Row],[صف المصدر]],15)&""} -> تنفيذ خطوط وشبكات الصرف الصحي بمحافظة العلا ( الجزء الاول ) | G11: {=INDEX(Table15[],GateFacts[[#This Row],[صف المصدر]],17)&""} -> المدينة المنورة | H11: =N(INDEX(Table15[],GateFacts[[#This Row],[صف المصدر]],18)) -> 1.5732436e+08 | I11: {=_xlfn.LET(_xlpm.x,TRIM(INDEX(Table15[],GateFacts[[#This Row],[صف المصدر]],22)&""),IF(_xlpm.x="","غير محدد",_xlpm.x))} -> تعزيز التكاليف | J11: ="بوابة "&GateFacts[[#This Row],[رقم البوابة]] -> بوابة 2 | K11: {=INDEX(Settings!$E$2:$E$9,GateFacts[[#This Row],[رقم البوابة]])} -> التخطيط الاولي | L11: {=_xlfn.LET(_xlpm.c,INDEX(Table15[],GateFacts[[#This Row],[صف المصدر]],9-GateFacts[[#This Row],[رقم البوابة]]),IF(ISBLANK(_xlpm.c),"",_xlpm.c))} -> مكتمل | M11: =_xlfn.LET(_xlpm.v,GateFacts[[#This Row],[القيمة الأصلية]],_xlpm.x,TRIM(_xlpm.v&""),IF(ISNUMBER(_xlpm.v),"تاريخ",IF(OR(_xlpm.x="N/A",_xlpm.x="NA",_xlpm.x="لا ينطبق"),"لا ينطبق",IF(OR(_xlpm.x="مكتمل",_xlpm.x="مكتمل بشروط",_xlpm.x="جاري"),_xlpm.x,IF(_xlpm.x="","فارغ","غير معروف"))))) -> مكتمل | N11: {=_xlfn.LET(_xlpm.r,GateFacts[[#This Row],[صف المصدر]],_xlpm.g,GateFacts[[#This Row],[رقم البوابة]],_xlpm.pd,IF(AND(ISNUMBER(_xlpm.r),_xlpm.g>=6,_xlpm.g<=8),INDEX(Table15[],_xlpm.r,19+_xlpm.g),""),IF(ISNUMBER(_xlpm.pd),_xlpm.pd,""))} | O11: =_xlfn.LET(_xlpm.m,GateFacts[[#This Row],[القيمة الموحدة]],_xlpm.d,GateFacts[[#This Row],[تاريخ البوابة]],IF(OR(_xlpm.m="مكتمل",_xlpm.m="مكتمل بشروط"),Settings!$Q$2,IF(_xlpm.m="لا ينطبق",Settings!$Q$7,IF(AND(ISNUMBER(_xlpm.d),_xlpm.d<=TODAY()),Settings!$Q$3,IF(AND(ISNUMBER(_xlpm.d),_xlpm.d<=TODAY()+AlertDays),Settings!$Q$4,IF(_xlpm.m="جاري","جاري","")))))) -> مكتمل | P11: =IF(ISNUMBER(GateFacts[[#This Row],[تاريخ البوابة]]),GateFacts[[#This Row],[تاريخ البوابة]]-TODAY(),"") | Q11: =IF(ISNUMBER(GateFacts[[#This Row],[تاريخ البوابة]]),TEXT(GateFacts[[#This Row],[تاريخ البوابة]],"yyyy-mm"),"بدون تاريخ") -> بدون تاريخ | R11: =--OR(GateFacts[[#This Row],[الحالة]]="مكتمل",GateFacts[[#This Row],[الحالة]]="لا ينطبق") -> 1 | S11: =_xlfn.LET(_xlpm.m,_xlfn.MINIFS(GateFacts[رقم البوابة],GateFacts[رقم المشروع],GateFacts[[#This Row],[رقم المشروع]],GateFacts[منجزة],0),IF(_xlpm.m=0,9,_xlpm.m)) -> 5 | T11: =--(GateFacts[[#This Row],[رقم البوابة]]=GateFacts[[#This Row],[البوابة الحالية للمشروع]]) -> 0 | U11: =IF(AND(GateFacts[[#This Row],[الحالة]]="مكتمل",COUNTIFS(GateFacts[رقم المشروع],GateFacts[[#This Row],[رقم المشروع]],GateFacts[رقم البوابة],"<"&GateFacts[[#This Row],[رقم البوابة]],GateFacts[منجزة],0)>0),1,0) -> 0 | V11: =SUBTOTAL(103,GateFacts[[#This Row],[م]])*OR(SelRegion="الكل",GateFacts[[#This Row],[المنطقة]]=SelRegion) -> #REF! | W11: {=IF(ISNUMBER(GateFacts[[#This Row],[صف المصدر]]),INDEX(Table15[],GateFacts[[#This Row],[صف المصدر]],16),"")} -> الشمالي الغربي
A12: {=ROW()-ROW(GateFacts[#Headers])} -> 11 | B12: =INT((GateFacts[[#This Row],[م]]-1)/8)+1 -> 2 | C12: =MOD(GateFacts[[#This Row],[م]]-1,8)+1 -> 3 | D12: {=IFERROR(INDEX(_xlfn.ANCHORARRAY(Settings!$H$2),GateFacts[[#This Row],[رقم المشروع]]),"")} -> 199 | E12: {=INDEX(Table15[],GateFacts[[#This Row],[صف المصدر]],14)&""} -> P856 | F12: {=INDEX(Table15[],GateFacts[[#This Row],[صف المصدر]],15)&""} -> تنفيذ خطوط وشبكات الصرف الصحي بمحافظة العلا ( الجزء الاول ) | G12: {=INDEX(Table15[],GateFacts[[#This Row],[صف المصدر]],17)&""} -> المدينة المنورة | H12: =N(INDEX(Table15[],GateFacts[[#This Row],[صف المصدر]],18)) -> 1.5732436e+08 | I12: {=_xlfn.LET(_xlpm.x,TRIM(INDEX(Table15[],GateFacts[[#This Row],[صف المصدر]],22)&""),IF(_xlpm.x="","غير محدد",_xlpm.x))} -> تعزيز التكاليف | J12: ="بوابة "&GateFacts[[#This Row],[رقم البوابة]] -> بوابة 3 | K12: {=INDEX(Settings!$E$2:$E$9,GateFacts[[#This Row],[رقم البوابة]])} -> الطرح للتصميم | L12: {=_xlfn.LET(_xlpm.c,INDEX(Table15[],GateFacts[[#This Row],[صف المصدر]],9-GateFacts[[#This Row],[رقم البوابة]]),IF(ISBLANK(_xlpm.c),"",_xlpm.c))} -> لا ينطبق | M12: =_xlfn.LET(_xlpm.v,GateFacts[[#This Row],[القيمة الأصلية]],_xlpm.x,TRIM(_xlpm.v&""),IF(ISNUMBER(_xlpm.v),"تاريخ",IF(OR(_xlpm.x="N/A",_xlpm.x="NA",_xlpm.x="لا ينطبق"),"لا ينطبق",IF(OR(_xlpm.x="مكتمل",_xlpm.x="مكتمل بشروط",_xlpm.x="جاري"),_xlpm.x,IF(_xlpm.x="","فارغ","غير معروف"))))) -> لا ينطبق | N12: {=_xlfn.LET(_xlpm.r,GateFacts[[#This Row],[صف المصدر]],_xlpm.g,GateFacts[[#This Row],[رقم البوابة]],_xlpm.pd,IF(AND(ISNUMBER(_xlpm.r),_xlpm.g>=6,_xlpm.g<=8),INDEX(Table15[],_xlpm.r,19+_xlpm.g),""),IF(ISNUMBER(_xlpm.pd),_xlpm.pd,""))} | O12: =_xlfn.LET(_xlpm.m,GateFacts[[#This Row],[القيمة الموحدة]],_xlpm.d,GateFacts[[#This Row],[تاريخ البوابة]],IF(OR(_xlpm.m="مكتمل",_xlpm.m="مكتمل بشروط"),Settings!$Q$2,IF(_xlpm.m="لا ينطبق",Settings!$Q$7,IF(AND(ISNUMBER(_xlpm.d),_xlpm.d<=TODAY()),Settings!$Q$3,IF(AND(ISNUMBER(_xlpm.d),_xlpm.d<=TODAY()+AlertDays),Settings!$Q$4,IF(_xlpm.m="جاري","جاري","")))))) -> لا ينطبق | P12: =IF(ISNUMBER(GateFacts[[#This Row],[تاريخ البوابة]]),GateFacts[[#This Row],[تاريخ البوابة]]-TODAY(),"") | Q12: =IF(ISNUMBER(GateFacts[[#This Row],[تاريخ البوابة]]),TEXT(GateFacts[[#This Row],[تاريخ البوابة]],"yyyy-mm"),"بدون تاريخ") -> بدون تاريخ | R12: =--OR(GateFacts[[#This Row],[الحالة]]="مكتمل",GateFacts[[#This Row],[الحالة]]="لا ينطبق") -> 1 | S12: =_xlfn.LET(_xlpm.m,_xlfn.MINIFS(GateFacts[رقم البوابة],GateFacts[رقم المشروع],GateFacts[[#This Row],[رقم المشروع]],GateFacts[منجزة],0),IF(_xlpm.m=0,9,_xlpm.m)) -> 5 | T12: =--(GateFacts[[#This Row],[رقم البوابة]]=GateFacts[[#This Row],[البوابة الحالية للمشروع]]) -> 0 | U12: =IF(AND(GateFacts[[#This Row],[الحالة]]="مكتمل",COUNTIFS(GateFacts[رقم المشروع],GateFacts[[#This Row],[رقم المشروع]],GateFacts[رقم البوابة],"<"&GateFacts[[#This Row],[رقم البوابة]],GateFacts[منجزة],0)>0),1,0) -> 0 | V12: =SUBTOTAL(103,GateFacts[[#This Row],[م]])*OR(SelRegion="الكل",GateFacts[[#This Row],[المنطقة]]=SelRegion) -> #REF! | W12: {=IF(ISNUMBER(GateFacts[[#This Row],[صف المصدر]]),INDEX(Table15[],GateFacts[[#This Row],[صف المصدر]],16),"")} -> الشمالي الغربي
A13: {=ROW()-ROW(GateFacts[#Headers])} -> 12 | B13: =INT((GateFacts[[#This Row],[م]]-1)/8)+1 -> 2 | C13: =MOD(GateFacts[[#This Row],[م]]-1,8)+1 -> 4 | D13: {=IFERROR(INDEX(_xlfn.ANCHORARRAY(Settings!$H$2),GateFacts[[#This Row],[رقم المشروع]]),"")} -> 199 | E13: {=INDEX(Table15[],GateFacts[[#This Row],[صف المصدر]],14)&""} -> P856 | F13: {=INDEX(Table15[],GateFacts[[#This Row],[صف المصدر]],15)&""} -> تنفيذ خطوط وشبكات الصرف الصحي بمحافظة العلا ( الجزء الاول ) | G13: {=INDEX(Table15[],GateFacts[[#This Row],[صف المصدر]],17)&""} -> المدينة المنورة | H13: =N(INDEX(Table15[],GateFacts[[#This Row],[صف المصدر]],18)) -> 1.5732436e+08 | I13: {=_xlfn.LET(_xlpm.x,TRIM(INDEX(Table15[],GateFacts[[#This Row],[صف المصدر]],22)&""),IF(_xlpm.x="","غير محدد",_xlpm.x))} -> تعزيز التكاليف | J13: ="بوابة "&GateFacts[[#This Row],[رقم البوابة]] -> بوابة 4 | K13: {=INDEX(Settings!$E$2:$E$9,GateFacts[[#This Row],[رقم البوابة]])} -> التصميم | L13: {=_xlfn.LET(_xlpm.c,INDEX(Table15[],GateFacts[[#This Row],[صف المصدر]],9-GateFacts[[#This Row],[رقم البوابة]]),IF(ISBLANK(_xlpm.c),"",_xlpm.c))} -> مكتمل | M13: =_xlfn.LET(_xlpm.v,GateFacts[[#This Row],[القيمة الأصلية]],_xlpm.x,TRIM(_xlpm.v&""),IF(ISNUMBER(_xlpm.v),"تاريخ",IF(OR(_xlpm.x="N/A",_xlpm.x="NA",_xlpm.x="لا ينطبق"),"لا ينطبق",IF(OR(_xlpm.x="مكتمل",_xlpm.x="مكتمل بشروط",_xlpm.x="جاري"),_xlpm.x,IF(_xlpm.x="","فارغ","غير معروف"))))) -> مكتمل | N13: {=_xlfn.LET(_xlpm.r,GateFacts[[#This Row],[صف المصدر]],_xlpm.g,GateFacts[[#This Row],[رقم البوابة]],_xlpm.pd,IF(AND(ISNUMBER(_xlpm.r),_xlpm.g>=6,_xlpm.g<=8),INDEX(Table15[],_xlpm.r,19+_xlpm.g),""),IF(ISNUMBER(_xlpm.pd),_xlpm.pd,""))} | O13: =_xlfn.LET(_xlpm.m,GateFacts[[#This Row],[القيمة الموحدة]],_xlpm.d,GateFacts[[#This Row],[تاريخ البوابة]],IF(OR(_xlpm.m="مكتمل",_xlpm.m="مكتمل بشروط"),Settings!$Q$2,IF(_xlpm.m="لا ينطبق",Settings!$Q$7,IF(AND(ISNUMBER(_xlpm.d),_xlpm.d<=TODAY()),Settings!$Q$3,IF(AND(ISNUMBER(_xlpm.d),_xlpm.d<=TODAY()+AlertDays),Settings!$Q$4,IF(_xlpm.m="جاري","جاري","")))))) -> مكتمل | P13: =IF(ISNUMBER(GateFacts[[#This Row],[تاريخ البوابة]]),GateFacts[[#This Row],[تاريخ البوابة]]-TODAY(),"") | Q13: =IF(ISNUMBER(GateFacts[[#This Row],[تاريخ البوابة]]),TEXT(GateFacts[[#This Row],[تاريخ البوابة]],"yyyy-mm"),"بدون تاريخ") -> بدون تاريخ | R13: =--OR(GateFacts[[#This Row],[الحالة]]="مكتمل",GateFacts[[#This Row],[الحالة]]="لا ينطبق") -> 1 | S13: =_xlfn.LET(_xlpm.m,_xlfn.MINIFS(GateFacts[رقم البوابة],GateFacts[رقم المشروع],GateFacts[[#This Row],[رقم المشروع]],GateFacts[منجزة],0),IF(_xlpm.m=0,9,_xlpm.m)) -> 5 | T13: =--(GateFacts[[#This Row],[رقم البوابة]]=GateFacts[[#This Row],[البوابة الحالية للمشروع]]) -> 0 | U13: =IF(AND(GateFacts[[#This Row],[الحالة]]="مكتمل",COUNTIFS(GateFacts[رقم المشروع],GateFacts[[#This Row],[رقم المشروع]],GateFacts[رقم البوابة],"<"&GateFacts[[#This Row],[رقم البوابة]],GateFacts[منجزة],0)>0),1,0) -> 0 | V13: =SUBTOTAL(103,GateFacts[[#This Row],[م]])*OR(SelRegion="الكل",GateFacts[[#This Row],[المنطقة]]=SelRegion) -> #REF! | W13: {=IF(ISNUMBER(GateFacts[[#This Row],[صف المصدر]]),INDEX(Table15[],GateFacts[[#This Row],[صف المصدر]],16),"")} -> الشمالي الغربي
... A1041: {=ROW()-ROW(GateFacts[#Headers])} -> 1040 | B1041: =INT((GateFacts[[#This Row],[م]]-1)/8)+1 -> 130 | C1041: =MOD(GateFacts[[#This Row],[م]]-1,8)+1 -> 8 | D1041: {=IFERROR(INDEX(_xlfn.ANCHORARRAY(Settings!$H$2),GateFacts[[#This Row],[رقم المشروع]]),"")} -> 1058 | E1041: {=INDEX(Table15[],GateFacts[[#This Row],[صف المصدر]],14)&""} -> P832 | F1041: {=INDEX(Table15[],GateFacts[[#This Row],[صف المصدر]],15)&""} -> ترحيل خطوط وتنفيذ شبكات بمناطق متفرقة (المرحلة الاولى) | G1041: {=INDEX(Table15[],GateFacts[[#This Row],[صف المصدر]],17)&""} -> المدينة المنورة | H1041: =N(INDEX(Table15[],GateFacts[[#This Row],[صف المصدر]],18)) -> 68354965 | I1041: {=_xlfn.LET(_xlpm.x,TRIM(INDEX(Table15[],GateFacts[[#This Row],[صف المصدر]],22)&""),IF(_xlpm.x="","غير محدد",_xlpm.x))} -> تحت التنفيذ | J1041: ="بوابة "&GateFacts[[#This Row],[رقم البوابة]] -> بوابة 8 | K1041: {=INDEX(Settings!$E$2:$E$9,GateFacts[[#This Row],[رقم البوابة]])} -> التسليم و الاغلاق | L1041: {=_xlfn.LET(_xlpm.c,INDEX(Table15[],GateFacts[[#This Row],[صف المصدر]],9-GateFacts[[#This Row],[رقم البوابة]]),IF(ISBLANK(_xlpm.c),"",_xlpm.c))} | M1041: =_xlfn.LET(_xlpm.v,GateFacts[[#This Row],[القيمة الأصلية]],_xlpm.x,TRIM(_xlpm.v&""),IF(ISNUMBER(_xlpm.v),"تاريخ",IF(OR(_xlpm.x="N/A",_xlpm.x="NA",_xlpm.x="لا ينطبق"),"لا ينطبق",IF(OR(_xlpm.x="مكتمل",_xlpm.x="مكتمل بشروط",_xlpm.x="جاري"),_xlpm.x,IF(_xlpm.x="","فارغ","غير معروف"))))) -> فارغ | N1041: {=_xlfn.LET(_xlpm.r,GateFacts[[#This Row],[صف المصدر]],_xlpm.g,GateFacts[[#This Row],[رقم البوابة]],_xlpm.pd,IF(AND(ISNUMBER(_xlpm.r),_xlpm.g>=6,_xlpm.g<=8),INDEX(Table15[],_xlpm.r,19+_xlpm.g),""),IF(ISNUMBER(_xlpm.pd),_xlpm.pd,""))} -> 48037 | O1041: =_xlfn.LET(_xlpm.m,GateFacts[[#This Row],[القيمة الموحدة]],_xlpm.d,GateFacts[[#This Row],[تاريخ البوابة]],IF(OR(_xlpm.m="مكتمل",_xlpm.m="مكتمل بشروط"),Settings!$Q$2,IF(_xlpm.m="لا ينطبق",Settings!$Q$7,IF(AND(ISNUMBER(_xlpm.d),_xlpm.d<=TODAY()),Settings!$Q$3,IF(AND(ISNUMBER(_xlpm.d),_xlpm.d<=TODAY()+AlertDays),Settings!$Q$4,IF(_xlpm.m="جاري","جاري","")))))) | P1041: =IF(ISNUMBER(GateFacts[[#This Row],[تاريخ البوابة]]),GateFacts[[#This Row],[تاريخ البوابة]]-TODAY(),"") -> 1728 | Q1041: =IF(ISNUMBER(GateFacts[[#This Row],[تاريخ البوابة]]),TEXT(GateFacts[[#This Row],[تاريخ البوابة]],"yyyy-mm"),"بدون تاريخ") -> 2031-07 | R1041: =--OR(GateFacts[[#This Row],[الحالة]]="مكتمل",GateFacts[[#This Row],[الحالة]]="لا ينطبق") -> 0 | S1041: =_xlfn.LET(_xlpm.m,_xlfn.MINIFS(GateFacts[رقم البوابة],GateFacts[رقم المشروع],GateFacts[[#This Row],[رقم المشروع]],GateFacts[منجزة],0),IF(_xlpm.m=0,9,_xlpm.m)) -> 6 | T1041: =--(GateFacts[[#This Row],[رقم البوابة]]=GateFacts[[#This Row],[البوابة الحالية للمشروع]]) -> 0 | U1041: =IF(AND(GateFacts[[#This Row],[الحالة]]="مكتمل",COUNTIFS(GateFacts[رقم المشروع],GateFacts[[#This Row],[رقم المشروع]],GateFacts[رقم البوابة],"<"&GateFacts[[#This Row],[رقم البوابة]],GateFacts[منجزة],0)>0),1,0) -> 0 | V1041: =SUBTOTAL(103,GateFacts[[#This Row],[م]])*OR(SelRegion="الكل",GateFacts[[#This Row],[المنطقة]]=SelRegion) -> #REF! | W1041: {=IF(ISNUMBER(GateFacts[[#This Row],[صف المصدر]]),INDEX(Table15[],GateFacts[[#This Row],[صف المصدر]],16),"")} -> الشمالي الغربي

Sheet Data Quality
A1: فحص جودة البيانات — بوابات المراحل (القطاع الشمالي الغربي)
A3: الفحص | B3: النتيجة | C3: الحالة
A4: بوابات غير مكتملة وبدون تاريخ | B4: =COUNTIFS(GateFacts[الحالة],Settings!$Q$6) -> 0 | C4: =IF(B4=0,"✓ سليم","⚠ راجع") -> ✓ سليم
A5: قيم غير معروفة في أعمدة البوابات | B5: =COUNTIFS(GateFacts[القيمة الموحدة],"غير معروف") -> 1 | C5: =IF(B5=0,"✓ سليم","⚠ راجع") -> ⚠ راجع
A6: بوابات مكتملة قبلها بوابة غير مكتملة | B6: =SUM(GateFacts[خلل التسلسل]) -> 0 | C6: =IF(B6=0,"✓ سليم","⚠ راجع") -> ✓ سليم
A7: صفوف GateFacts مقابل المطلوب (مشاريع × 8) | B7: =ROWS(GateFacts[])&" / "&Settings!$J$2 -> 1040 / 1040 | C7: =IF(ROWS(GateFacts[])=Settings!$J$2,"✓ مطابق","⚠ عدّل حجم جدول GateFacts") -> ✓ مطابق
A9: 1) بوابات غير مكتملة وبدون تاريخ | G9: 2) قيم غير معروفة في أعمدة البوابات | M9: 3) بوابات مكتملة وقبلها بوابة غير مكتملة
A10: SN | B10: اسم المشروع | C10: المنطقة | D10: البوابة | E10: القيمة الأصلية | G10: SN | H10: اسم المشروع | I10: المنطقة | J10: البوابة | K10: القيمة الأصلية | M10: SN | N10: اسم المشروع | O10: المنطقة | P10: البوابة المكتملة | Q10: بوابات سابقة غير مكتملة
A11: {=_xlfn._xlws.FILTER(_xlfn.HSTACK(GateFacts[SN],GateFacts[اسم المشروع],GateFacts[المنطقة],GateFacts[البوابة],IF(GateFacts[القيمة الأصلية]="","(فارغة)",GateFacts[القيمة الأصلية])),GateFacts[الحالة]=Settings!$Q$6,"لا يوجد")} -> لا يوجد | G11: {=_xlfn._xlws.FILTER(_xlfn.HSTACK(GateFacts[SN],GateFacts[اسم المشروع],GateFacts[المنطقة],GateFacts[البوابة],GateFacts[القيمة الأصلية]&""),GateFacts[القيمة الموحدة]="غير معروف","لا يوجد")} -> P859 | H11: تنفيذ خطوط وشبكات الصرف الصحي بمحافظة خيبر( الجزء الأول ) | I11: المدينة المنورة | J11: بوابة 5 | K11: مشروع خطوط فرعية وتوصيلات منزلية للصرف الصحي مع اعادة تاهيل محطة الضخ بينبع. | M11: {=IFERROR(_xlfn.LET(_xlpm.f,_xlfn._xlws.FILTER(GateFacts[م],GateFacts[خلل التسلسل]=1),_xlfn.HSTACK(INDEX(GateFacts[SN],_xlpm.f),INDEX(GateFacts[اسم المشروع],_xlpm.f),INDEX(GateFacts[المنطقة],_xlpm.f),INDEX(GateFacts[البوابة],_xlpm.f),_xlfn.MAP(_xlpm.f,_xlfn.LAMBDA(_xlpm.i,_xlfn.TEXTJOIN("، ",TRUE,_xlfn._xlws.FILTER(GateFacts[البوابة],(GateFacts[رقم المشروع]=INDEX(GateFacts[رقم المشروع],_xlpm.i))*(GateFacts[رقم البوابة]<INDEX(GateFacts[رقم البوابة],_xlpm.i))*(GateFacts[منجزة]=0)))))))," لا يوجد")} -> لا يوجد

Sheet Model Code
A1: كود Power Query (M) و DAX — للترحيل إلى Data Model
A2: خطوات: Data > Get Data > Blank Query > Advanced Editor > الصق كود GateFacts > Close & Load To > Only Create Connection + Add to Data Model. كرر لـ Settings و Calendar.
A4: // ===== Query: Settings =====
A5: let
A6: Src = Excel.CurrentWorkbook(){[Name="AlertDays"]}[Content],
A7: T = Table.FromRecords({[AlertDays = Src{0}[Column1]]}),
A8: Typed = Table.TransformColumnTypes(T,{{"AlertDays", Int64.Type}})
A9: in
A10: Typed
A12: // ===== Query: GateFacts =====
A13: let
A14: Source = Excel.CurrentWorkbook(){[Name="Table1"]}[Content],
... A64: مستحقات الشهر الحالي := CALCULATE ( COUNTROWS ( GateFacts ), GateFacts[Is Done] = 0, DATESBETWEEN ( Calendar[Date], EOMONTH ( TODAY (), -1 ) + 1, EOMONTH ( TODAY (), 0 ) ) )

Sheet Data Sources
A1: Written to | B1: Source | C1: Object | D1: Obtained via | E1: Query or request | F1: Parameters | G1: Run at | H1: Requested by | I1: Row count | J1: Changes after retrieval | K1: Notes
A2: Projects (2)!X1:Z1061 (headers X1:Z1; 17 projects populated) | B2: Connected Excel app (Primavera P6) | C2: Primavera P6 - Enterprise Project Structure (6).xlsx / Sheet2 (shared file gates_6_7_8.json) | D2: Shared file from connected Excel app; not run in this conversation | E2: تحديث شيت Projects (2) بتواريخ البوابات 6/7/8 لـ17 مشروعاً من ملف Primavera P6 | F2: - | G2: 46308 | I2: 17 | J2: طوبقت بالاسم؛ كُتبت الأرقام التسلسلية للتواريخ بتنسيق d-mmm-yy في 3 أعمدة جديدة (X/Y/Z) | K2: المشروع 12 طوبق مع P845 (الصف 397) بتأكيد المستخدم
